RepaymentID,LoanID,CustomerID,AccountID,BranchID,DateKey,ScheduledPaymentDate,ActualPaymentDate,ExpectedAmount,AmountPaid,PaymentStatus,PaymentBehaviour,ConsecutiveMissedPayments,DaysPastDue,OutstandingPrincipal
1,1,100000021,30,79,20250729,2025-07-29,2025-07-29,493847.1,493847.1,Paid,Average Payer,0,0,4865232.640000001
2,1,100000021,30,79,20250829,2025-08-29,2025-08-29,493847.1,493847.1,Paid,Average Payer,0,0,4371385.540000001
3,1,100000021,30,79,20250929,2025-09-29,2025-09-29,493847.1,493847.1,Paid,Average Payer,0,0,3877538.440000001
4,1,100000021,30,79,20251029,2025-10-29,2025-10-29,493847.1,493847.1,Paid,Average Payer,0,0,3383691.340000001
5,1,100000021,30,79,20251129,2025-11-29,2025-11-29,493847.1,493847.1,Paid,Average Payer,0,0,2889844.2400000007
6,1,100000021,30,79,20251229,2025-12-29,2025-12-29,493847.1,493847.1,Paid,Average Payer,0,0,2395997.1400000006
7,1,100000021,30,79,20260129,2026-01-29,2026-01-29,493847.1,493847.1,Paid,Average Payer,0,0,1902150.0400000005
8,1,100000021,30,79,20260228,2026-02-28,2026-02-28,493847.1,493847.1,Paid,Average Payer,0,0,1408302.9400000004
9,1,100000021,30,79,20260328,2026-03-28,2026-03-28,493847.1,493847.1,Paid,Average Payer,0,0,914455.8400000004
10,1,100000021,30,79,20260428,2026-04-28,2026-04-28,493847.1,493847.1,Paid,Average Payer,0,0,420608.74000000046
11,1,100000021,30,79,20260528,2026-05-28,2026-05-28,493847.1,420608.74000000046,Paid,Average Payer,0,0,0.0
12,3,100000033,51,7,20260208,2026-02-08,2026-02-08,159140.55,159140.55,Paid,Good Payer,0,0,21904412.52
13,3,100000033,51,7,20260308,2026-03-08,2026-03-08,159140.55,159140.55,Paid,Good Payer,0,0,21745271.97
14,3,100000033,51,7,20260408,2026-04-08,2026-04-08,159140.55,159140.55,Paid,Good Payer,0,0,21586131.419999998
15,3,100000033,51,7,20260508,2026-05-08,2026-05-08,159140.55,159140.55,Paid,Good Payer,0,0,21426990.869999997
16,3,100000033,51,7,20260608,2026-06-08,2026-06-08,159140.55,159140.55,Paid,Good Payer,0,0,21267850.319999997
17,6,100000049,77,67,20240415,2024-04-15,2024-04-15,442627.3,442627.3,Paid,Good Payer,0,0,13558851.899999999
18,6,100000049,77,67,20240515,2024-05-15,2024-05-15,442627.3,442627.3,Paid,Good Payer,0,0,13116224.599999998
19,6,100000049,77,67,20240615,2024-06-15,2024-06-16,442627.3,442627.3,Late,Good Payer,0,1,12673597.299999997
20,6,100000049,77,67,20240715,2024-07-15,2024-07-15,442627.3,442627.3,Paid,Good Payer,0,0,12230969.999999996
21,6,100000049,77,67,20240815,2024-08-15,2024-08-15,442627.3,442627.3,Paid,Good Payer,0,0,11788342.699999996
22,6,100000049,77,67,20240915,2024-09-15,2024-09-25,442627.3,442627.3,Late,Good Payer,0,10,11345715.399999995
23,6,100000049,77,67,20241015,2024-10-15,2024-10-15,442627.3,442627.3,Paid,Good Payer,0,0,10903088.099999994
24,6,100000049,77,67,20241115,2024-11-15,2024-11-15,442627.3,442627.3,Paid,Good Payer,0,0,10460460.799999993
25,6,100000049,77,67,20241215,2024-12-15,2024-12-15,442627.3,442627.3,Paid,Good Payer,0,0,10017833.499999993
26,6,100000049,77,67,20250115,2025-01-15,2025-01-15,442627.3,442627.3,Paid,Good Payer,0,0,9575206.199999992
27,6,100000049,77,67,20250215,2025-02-15,2025-02-15,442627.3,442627.3,Paid,Good Payer,0,0,9132578.899999991
28,6,100000049,77,67,20250315,2025-03-15,2025-03-15,442627.3,442627.3,Paid,Good Payer,0,0,8689951.59999999
29,6,100000049,77,67,20250415,2025-04-15,2025-04-15,442627.3,442627.3,Paid,Good Payer,0,0,8247324.2999999905
30,6,100000049,77,67,20250515,2025-05-15,2025-05-15,442627.3,442627.3,Paid,Good Payer,0,0,7804696.999999991
31,6,100000049,77,67,20250615,2025-06-15,2025-06-15,442627.3,442627.3,Paid,Good Payer,0,0,7362069.699999991
32,6,100000049,77,67,20250715,2025-07-15,2025-07-15,442627.3,442627.3,Paid,Good Payer,0,0,6919442.399999991
33,6,100000049,77,67,20250815,2025-08-15,2025-08-15,442627.3,442627.3,Paid,Good Payer,0,0,6476815.099999991
34,6,100000049,77,67,20250915,2025-09-15,2025-09-15,442627.3,442627.3,Paid,Good Payer,0,0,6034187.799999991
35,6,100000049,77,67,20251015,2025-10-15,2025-10-15,442627.3,442627.3,Paid,Good Payer,0,0,5591560.499999992
36,6,100000049,77,67,20251115,2025-11-15,2025-11-21,442627.3,442627.3,Late,Good Payer,0,6,5148933.199999992
37,6,100000049,77,67,20251215,2025-12-15,2025-12-15,442627.3,442627.3,Paid,Good Payer,0,0,4706305.899999992
38,6,100000049,77,67,20260115,2026-01-15,2026-01-15,442627.3,442627.3,Paid,Good Payer,0,0,4263678.599999992
39,6,100000049,77,67,20260215,2026-02-15,2026-02-15,442627.3,442627.3,Paid,Good Payer,0,0,3821051.2999999924
40,6,100000049,77,67,20260315,2026-03-15,2026-03-15,442627.3,442627.3,Paid,Good Payer,0,0,3378423.9999999925
41,6,100000049,77,67,20260415,2026-04-15,2026-04-15,442627.3,442627.3,Paid,Good Payer,0,0,2935796.6999999927
42,6,100000049,77,67,20260515,2026-05-15,2026-05-15,442627.3,442627.3,Paid,Good Payer,0,0,2493169.399999993
43,6,100000049,77,67,20260615,2026-06-15,2026-06-15,442627.3,442627.3,Paid,Good Payer,0,0,2050542.0999999929
44,7,100000057,91,9,20251020,2025-10-20,2025-10-20,137671.06,137671.06,Paid,Average Payer,0,0,4553168.24
45,7,100000057,91,9,20251120,2025-11-20,2025-12-04,137671.06,137671.06,Late,High Risk,0,14,4415497.180000001
46,7,100000057,91,9,20251220,2025-12-20,2025-12-20,137671.06,137671.06,Paid,High Risk,0,0,4277826.120000001
47,7,100000057,91,9,20260120,2026-01-20,,137671.06,0.0,Missed,High Risk,1,80,4277826.120000001
48,7,100000057,91,9,20260220,2026-02-20,2026-03-04,137671.06,137671.06,Late,High Risk,0,12,4140155.060000001
49,7,100000057,91,9,20260320,2026-03-20,2026-03-26,137671.06,137671.06,Late,High Risk,0,6,4002484.000000001
50,7,100000057,91,9,20260420,2026-04-20,,137671.06,0.0,Missed,High Risk,1,23,4002484.000000001
51,7,100000057,91,9,20260520,2026-05-20,2026-05-20,137671.06,92705.85,Partial,High Risk,0,0,3909778.150000001
52,7,100000057,91,9,20260620,2026-06-20,2026-06-20,137671.06,76772.82,Partial,High Risk,0,0,3833005.330000001
53,11,100000165,266,9,20260324,2026-03-24,2026-03-24,746204.06,746204.06,Paid,Good Payer,0,0,7546068.5600000005
54,11,100000165,266,9,20260424,2026-04-24,2026-04-24,746204.06,746204.06,Paid,Good Payer,0,0,6799864.5
55,11,100000165,266,9,20260524,2026-05-24,2026-05-24,746204.06,746204.06,Paid,Good Payer,0,0,6053660.4399999995
56,11,100000165,266,9,20260624,2026-06-24,2026-06-24,746204.06,746204.06,Paid,Good Payer,0,0,5307456.379999999
57,13,100000195,307,37,20260604,2026-06-04,2026-06-04,191687.42,191687.42,Paid,Good Payer,0,0,1548172.1800000002
58,15,100000222,344,71,20250726,2025-07-26,2025-07-26,1067007.85,1067007.85,Paid,Good Payer,0,0,13619599.49
59,15,100000222,344,71,20250826,2025-08-26,2025-08-26,1067007.85,1067007.85,Paid,Good Payer,0,0,12552591.64
60,15,100000222,344,71,20250926,2025-09-26,2025-09-26,1067007.85,1067007.85,Paid,Good Payer,0,0,11485583.790000001
61,15,100000222,344,71,20251026,2025-10-26,2025-10-26,1067007.85,1067007.85,Paid,Good Payer,0,0,10418575.940000001
62,15,100000222,344,71,20251126,2025-11-26,2025-11-26,1067007.85,1067007.85,Paid,Good Payer,0,0,9351568.090000002
63,15,100000222,344,71,20251226,2025-12-26,2025-12-26,1067007.85,1067007.85,Paid,Good Payer,0,0,8284560.240000002
64,15,100000222,344,71,20260126,2026-01-26,2026-01-26,1067007.85,1067007.85,Paid,Good Payer,0,0,7217552.390000002
65,15,100000222,344,71,20260226,2026-02-26,2026-02-26,1067007.85,1067007.85,Paid,Good Payer,0,0,6150544.540000003
66,15,100000222,344,71,20260326,2026-03-26,2026-03-31,1067007.85,1067007.85,Late,Good Payer,0,5,5083536.690000003
67,15,100000222,344,71,20260426,2026-04-26,2026-04-26,1067007.85,1067007.85,Paid,Good Payer,0,0,4016528.840000003
68,15,100000222,344,71,20260526,2026-05-26,2026-05-26,1067007.85,1067007.85,Paid,Good Payer,0,0,2949520.990000003
69,15,100000222,344,71,20260626,2026-06-26,2026-06-26,1067007.85,1067007.85,Paid,Good Payer,0,0,1882513.140000003
70,17,100000248,383,145,20260622,2026-06-22,2026-06-22,570381.5,570381.5,Paid,Average Payer,0,0,9932783.44
71,19,100000273,422,126,20241201,2024-12-01,2024-12-01,1481493.53,1481493.53,Paid,Good Payer,0,0,51429422.26
72,19,100000273,422,126,20250101,2025-01-01,2025-01-01,1481493.53,1481493.53,Paid,Good Payer,0,0,49947928.73
73,19,100000273,422,126,20250201,2025-02-01,2025-02-12,1481493.53,1481493.53,Late,Good Payer,0,11,48466435.199999996
74,19,100000273,422,126,20250301,2025-03-01,2025-03-01,1481493.53,1481493.53,Paid,Good Payer,0,0,46984941.669999994
75,19,100000273,422,126,20250401,2025-04-01,2025-04-01,1481493.53,1481493.53,Paid,Good Payer,0,0,45503448.13999999
76,19,100000273,422,126,20250501,2025-05-01,2025-05-01,1481493.53,1481493.53,Paid,Good Payer,0,0,44021954.60999999
77,19,100000273,422,126,20250601,2025-06-01,2025-06-01,1481493.53,1481493.53,Paid,Good Payer,0,0,42540461.07999999
78,19,100000273,422,126,20250701,2025-07-01,2025-07-01,1481493.53,1481493.53,Paid,Good Payer,0,0,41058967.54999999
79,19,100000273,422,126,20250801,2025-08-01,2025-08-01,1481493.53,1481493.53,Paid,Good Payer,0,0,39577474.01999999
80,19,100000273,422,126,20250901,2025-09-01,2025-09-01,1481493.53,1481493.53,Paid,Good Payer,0,0,38095980.48999999
81,19,100000273,422,126,20251001,2025-10-01,2025-10-01,1481493.53,1481493.53,Paid,Good Payer,0,0,36614486.959999986
82,19,100000273,422,126,20251101,2025-11-01,2025-11-01,1481493.53,1481493.53,Paid,Good Payer,0,0,35132993.429999985
83,19,100000273,422,126,20251201,2025-12-01,2025-12-01,1481493.53,1481493.53,Paid,Good Payer,0,0,33651499.89999998
84,19,100000273,422,126,20260101,2026-01-01,2026-01-01,1481493.53,1481493.53,Paid,Good Payer,0,0,32170006.369999982
85,19,100000273,422,126,20260201,2026-02-01,2026-02-01,1481493.53,1481493.53,Paid,Good Payer,0,0,30688512.83999998
86,19,100000273,422,126,20260301,2026-03-01,2026-03-01,1481493.53,1481493.53,Paid,Good Payer,0,0,29207019.30999998
87,19,100000273,422,126,20260401,2026-04-01,2026-04-01,1481493.53,1481493.53,Paid,Good Payer,0,0,27725525.77999998
88,19,100000273,422,126,20260501,2026-05-01,2026-05-01,1481493.53,1481493.53,Paid,Good Payer,0,0,26244032.249999978
89,19,100000273,422,126,20260601,2026-06-01,2026-06-01,1481493.53,1481493.53,Paid,Good Payer,0,0,24762538.719999976
90,20,100000301,468,5,20250122,2025-01-22,2025-02-05,32211279.89,32211279.89,Late,Average Payer,0,14,345214812.03000003
91,20,100000301,468,5,20250222,2025-02-22,2025-02-22,32211279.89,32211279.89,Paid,Average Payer,0,0,313003532.14000005
92,20,100000301,468,5,20250322,2025-03-22,2025-03-22,32211279.89,32211279.89,Paid,Average Payer,0,0,280792252.25000006
93,20,100000301,468,5,20250422,2025-04-22,2025-04-22,32211279.89,32211279.89,Paid,Average Payer,0,0,248580972.36000007
94,20,100000301,468,5,20250522,2025-05-22,2025-05-22,32211279.89,32211279.89,Paid,Average Payer,0,0,216369692.4700001
95,20,100000301,468,5,20250622,2025-06-22,2025-06-22,32211279.89,32211279.89,Paid,Average Payer,0,0,184158412.5800001
96,20,100000301,468,5,20250722,2025-07-22,,32211279.89,0.0,Missed,Average Payer,1,61,184158412.5800001
97,20,100000301,468,5,20250822,2025-08-22,2025-08-22,32211279.89,32211279.89,Paid,Average Payer,0,0,151947132.69000012
98,20,100000301,468,5,20250922,2025-09-22,2025-09-22,32211279.89,32211279.89,Paid,Average Payer,0,0,119735852.80000012
99,20,100000301,468,5,20251022,2025-10-22,2025-10-28,32211279.89,32211279.89,Late,Average Payer,0,6,87524572.91000012
100,20,100000301,468,5,20251122,2025-11-22,2025-11-22,32211279.89,13908519.77,Partial,Average Payer,0,0,73616053.14000012
101,20,100000301,468,5,20251222,2025-12-22,2025-12-22,32211279.89,23823296.71,Partial,Average Payer,0,0,49792756.43000012
102,20,100000301,468,5,20260122,2026-01-22,2026-01-22,32211279.89,32211279.89,Paid,High Risk,0,0,17581476.54000012
103,20,100000301,468,5,20260222,2026-02-22,2026-02-22,32211279.89,17581476.54000012,Paid,High Risk,0,0,0.0
104,21,100000316,493,94,20260417,2026-04-17,2026-04-17,213627.43,213627.43,Paid,Good Payer,0,0,181581.36
105,21,100000316,493,94,20260517,2026-05-17,2026-05-17,213627.43,181581.36,Paid,Good Payer,0,0,0.0
106,22,100000321,502,67,20251013,2025-10-13,2025-10-13,895883.74,895883.74,Paid,Good Payer,0,0,28419284.6
107,22,100000321,502,67,20251113,2025-11-13,2025-11-13,895883.74,895883.74,Paid,Good Payer,0,0,27523400.860000003
108,22,100000321,502,67,20251213,2025-12-13,2025-12-13,895883.74,895883.74,Paid,Good Payer,0,0,26627517.120000005
109,22,100000321,502,67,20260113,2026-01-13,2026-01-13,895883.74,895883.74,Paid,Good Payer,0,0,25731633.380000006
110,22,100000321,502,67,20260213,2026-02-13,2026-02-13,895883.74,895883.74,Paid,Good Payer,0,0,24835749.640000008
111,22,100000321,502,67,20260313,2026-03-13,2026-03-13,895883.74,895883.74,Paid,Good Payer,0,0,23939865.90000001
112,22,100000321,502,67,20260413,2026-04-13,2026-04-13,895883.74,895883.74,Paid,Good Payer,0,0,23043982.16000001
113,22,100000321,502,67,20260513,2026-05-13,2026-05-13,895883.74,895883.74,Paid,Good Payer,0,0,22148098.420000013
114,22,100000321,502,67,20260613,2026-06-13,2026-06-13,895883.74,895883.74,Paid,Good Payer,0,0,21252214.680000015
115,23,100000322,504,97,20250127,2025-01-27,2025-02-03,355517.54,355517.54,Late,Average Payer,0,7,5062443.82
116,23,100000322,504,97,20250227,2025-02-27,2025-02-27,355517.54,355517.54,Paid,Average Payer,0,0,4706926.28
117,23,100000322,504,97,20250327,2025-03-27,2025-03-27,355517.54,355517.54,Paid,Average Payer,0,0,4351408.74
118,23,100000322,504,97,20250427,2025-04-27,2025-04-27,355517.54,355517.54,Paid,Average Payer,0,0,3995891.2
119,23,100000322,504,97,20250527,2025-05-27,2025-05-27,355517.54,355517.54,Paid,Average Payer,0,0,3640373.66
120,23,100000322,504,97,20250627,2025-06-27,2025-06-27,355517.54,355517.54,Paid,Average Payer,0,0,3284856.12
121,23,100000322,504,97,20250727,2025-07-27,2025-07-27,355517.54,355517.54,Paid,Average Payer,0,0,2929338.58
122,23,100000322,504,97,20250827,2025-08-27,2025-09-08,355517.54,355517.54,Late,Average Payer,0,12,2573821.04
123,23,100000322,504,97,20250927,2025-09-27,2025-09-27,355517.54,355517.54,Paid,Average Payer,0,0,2218303.5
124,23,100000322,504,97,20251027,2025-10-27,2025-10-27,355517.54,355517.54,Paid,Average Payer,0,0,1862785.96
125,23,100000322,504,97,20251127,2025-11-27,2025-11-27,355517.54,355517.54,Paid,Average Payer,0,0,1507268.42
126,23,100000322,504,97,20251227,2025-12-27,2025-12-27,355517.54,355517.54,Paid,Average Payer,0,0,1151750.88
127,23,100000322,504,97,20260127,2026-01-27,2026-01-27,355517.54,355517.54,Paid,Average Payer,0,0,796233.3399999999
128,23,100000322,504,97,20260227,2026-02-27,2026-02-27,355517.54,355517.54,Paid,Average Payer,0,0,440715.7999999999
129,23,100000322,504,97,20260327,2026-03-27,2026-03-27,355517.54,355517.54,Paid,Average Payer,0,0,85198.2599999999
130,23,100000322,504,97,20260427,2026-04-27,,355517.54,0.0,Missed,Average Payer,1,50,85198.2599999999
131,23,100000322,504,97,20260527,2026-05-27,2026-06-05,355517.54,85198.2599999999,Late,Average Payer,0,9,0.0
132,26,100000372,582,2,20260326,2026-03-26,2026-03-26,556945.54,556945.54,Paid,Average Payer,0,0,1037680.23
133,26,100000372,582,2,20260426,2026-04-26,2026-05-05,556945.54,556945.54,Late,Average Payer,0,9,480734.68999999994
134,26,100000372,582,2,20260526,2026-05-26,2026-05-26,556945.54,480734.68999999994,Paid,Average Payer,0,0,0.0
135,28,100000437,680,7,20260619,2026-06-19,2026-06-19,24628120.27,24628120.27,Paid,Good Payer,0,0,320562338.21000004
136,29,100000476,742,149,20251004,2025-10-04,2025-10-04,741638.23,741638.23,Paid,Good Payer,0,0,8282037.6899999995
137,29,100000476,742,149,20251104,2025-11-04,2025-11-04,741638.23,741638.23,Paid,Good Payer,0,0,7540399.459999999
138,29,100000476,742,149,20251204,2025-12-04,2025-12-04,741638.23,741638.23,Paid,Good Payer,0,0,6798761.229999999
139,29,100000476,742,149,20260104,2026-01-04,2026-01-04,741638.23,741638.23,Paid,Good Payer,0,0,6057122.999999998
140,29,100000476,742,149,20260204,2026-02-04,2026-02-04,741638.23,741638.23,Paid,Good Payer,0,0,5315484.769999998
141,29,100000476,742,149,20260304,2026-03-04,2026-03-04,741638.23,741638.23,Paid,Good Payer,0,0,4573846.539999997
142,29,100000476,742,149,20260404,2026-04-04,2026-04-04,741638.23,741638.23,Paid,Good Payer,0,0,3832208.3099999973
143,29,100000476,742,149,20260504,2026-05-04,2026-05-04,741638.23,741638.23,Paid,Good Payer,0,0,3090570.0799999973
144,29,100000476,742,149,20260604,2026-06-04,2026-06-04,741638.23,741638.23,Paid,Good Payer,0,0,2348931.8499999973
145,30,100000495,772,55,20260213,2026-02-13,2026-02-13,201068.33,201068.33,Paid,Good Payer,0,0,720802.03
146,30,100000495,772,55,20260313,2026-03-13,2026-03-13,201068.33,201068.33,Paid,Good Payer,0,0,519733.70000000007
147,30,100000495,772,55,20260413,2026-04-13,2026-04-13,201068.33,201068.33,Paid,Good Payer,0,0,318665.3700000001
148,30,100000495,772,55,20260513,2026-05-13,2026-05-13,201068.33,201068.33,Paid,Good Payer,0,0,117597.04000000012
149,30,100000495,772,55,20260613,2026-06-13,,201068.33,0.0,Missed,Good Payer,1,56,117597.04000000012
150,31,100000496,774,39,20251022,2025-10-22,2025-10-22,53073.91,53073.91,Paid,Average Payer,0,0,378149.06999999995
151,31,100000496,774,39,20251122,2025-11-22,2025-11-22,53073.91,53073.91,Paid,Average Payer,0,0,325075.1599999999
152,31,100000496,774,39,20251222,2025-12-22,2025-12-22,53073.91,53073.91,Paid,Average Payer,0,0,272001.2499999999
153,31,100000496,774,39,20260122,2026-01-22,2026-01-22,53073.91,53073.91,Paid,Average Payer,0,0,218927.33999999988
154,31,100000496,774,39,20260222,2026-02-22,2026-02-22,53073.91,53073.91,Paid,Average Payer,0,0,165853.42999999988
155,31,100000496,774,39,20260322,2026-03-22,2026-03-22,53073.91,53073.91,Paid,Average Payer,0,0,112779.51999999987
156,31,100000496,774,39,20260422,2026-04-22,,53073.91,0.0,Missed,Average Payer,1,67,112779.51999999987
157,31,100000496,774,39,20260522,2026-05-22,2026-05-22,53073.91,53073.91,Paid,Average Payer,0,0,59705.60999999987
158,31,100000496,774,39,20260622,2026-06-22,2026-07-05,53073.91,53073.91,Late,Average Payer,0,13,6631.699999999866
159,32,100000521,811,76,20250905,2025-09-05,2025-09-05,404136.38,404136.38,Paid,Good Payer,0,0,12847299.34
160,32,100000521,811,76,20251005,2025-10-05,2025-10-05,404136.38,404136.38,Paid,Good Payer,0,0,12443162.959999999
161,32,100000521,811,76,20251105,2025-11-05,2025-11-05,404136.38,404136.38,Paid,Average Payer,0,0,12039026.579999998
162,32,100000521,811,76,20251205,2025-12-05,2025-12-05,404136.38,404136.38,Paid,Average Payer,0,0,11634890.199999997
163,32,100000521,811,76,20260105,2026-01-05,2026-01-13,404136.38,404136.38,Late,Average Payer,0,8,11230753.819999997
164,32,100000521,811,76,20260205,2026-02-05,2026-02-05,404136.38,404136.38,Paid,Average Payer,0,0,10826617.439999996
165,32,100000521,811,76,20260305,2026-03-05,2026-03-05,404136.38,404136.38,Paid,Average Payer,0,0,10422481.059999995
166,32,100000521,811,76,20260405,2026-04-05,2026-04-05,404136.38,404136.38,Paid,High Risk,0,0,10018344.679999994
167,32,100000521,811,76,20260505,2026-05-05,,404136.38,0.0,Missed,High Risk,1,29,10018344.679999994
168,32,100000521,811,76,20260605,2026-06-05,2026-06-05,404136.38,404136.38,Paid,High Risk,0,0,9614208.299999993
169,35,100000564,883,2,20231025,2023-10-25,2023-10-25,70314.99,70314.99,Paid,Good Payer,0,0,13506399.83
170,35,100000564,883,2,20231125,2023-11-25,2023-11-25,70314.99,58904.71,Partial,Good Payer,0,0,13447495.12
171,35,100000564,883,2,20231225,2023-12-25,2023-12-25,70314.99,70314.99,Paid,Good Payer,0,0,13377180.129999999
172,35,100000564,883,2,20240125,2024-01-25,2024-01-25,70314.99,70314.99,Paid,Good Payer,0,0,13306865.139999999
173,35,100000564,883,2,20240225,2024-02-25,2024-02-25,70314.99,70314.99,Paid,Good Payer,0,0,13236550.149999999
174,35,100000564,883,2,20240325,2024-03-25,2024-03-25,70314.99,70314.99,Paid,Good Payer,0,0,13166235.159999998
175,35,100000564,883,2,20240425,2024-04-25,2024-05-07,70314.99,70314.99,Late,Good Payer,0,12,13095920.169999998
176,35,100000564,883,2,20240525,2024-05-25,2024-05-25,70314.99,70314.99,Paid,Good Payer,0,0,13025605.179999998
177,35,100000564,883,2,20240625,2024-06-25,2024-06-25,70314.99,70314.99,Paid,Good Payer,0,0,12955290.189999998
178,35,100000564,883,2,20240725,2024-07-25,2024-07-25,70314.99,70314.99,Paid,Good Payer,0,0,12884975.199999997
179,35,100000564,883,2,20240825,2024-08-25,2024-08-25,70314.99,70314.99,Paid,Good Payer,0,0,12814660.209999997
180,35,100000564,883,2,20240925,2024-09-25,2024-09-25,70314.99,70314.99,Paid,Good Payer,0,0,12744345.219999997
181,35,100000564,883,2,20241025,2024-10-25,2024-10-25,70314.99,70314.99,Paid,Good Payer,0,0,12674030.229999997
182,35,100000564,883,2,20241125,2024-11-25,2024-11-25,70314.99,70314.99,Paid,Good Payer,0,0,12603715.239999996
183,35,100000564,883,2,20241225,2024-12-25,2024-12-25,70314.99,70314.99,Paid,Good Payer,0,0,12533400.249999996
184,35,100000564,883,2,20250125,2025-01-25,2025-01-25,70314.99,70314.99,Paid,Good Payer,0,0,12463085.259999996
185,35,100000564,883,2,20250225,2025-02-25,2025-02-25,70314.99,70314.99,Paid,Good Payer,0,0,12392770.269999996
186,35,100000564,883,2,20250325,2025-03-25,,70314.99,0.0,Missed,Good Payer,1,63,12392770.269999996
187,35,100000564,883,2,20250425,2025-04-25,2025-04-25,70314.99,70314.99,Paid,Good Payer,0,0,12322455.279999996
188,35,100000564,883,2,20250525,2025-05-25,2025-05-25,70314.99,70314.99,Paid,Good Payer,0,0,12252140.289999995
189,35,100000564,883,2,20250625,2025-06-25,2025-06-25,70314.99,70314.99,Paid,Good Payer,0,0,12181825.299999995
190,35,100000564,883,2,20250725,2025-07-25,2025-07-25,70314.99,70314.99,Paid,Good Payer,0,0,12111510.309999995
191,35,100000564,883,2,20250825,2025-08-25,2025-08-25,70314.99,70314.99,Paid,Good Payer,0,0,12041195.319999995
192,35,100000564,883,2,20250925,2025-09-25,2025-09-25,70314.99,70314.99,Paid,Good Payer,0,0,11970880.329999994
193,35,100000564,883,2,20251025,2025-10-25,2025-10-25,70314.99,70314.99,Paid,Good Payer,0,0,11900565.339999994
194,35,100000564,883,2,20251125,2025-11-25,,70314.99,0.0,Missed,Good Payer,1,58,11900565.339999994
195,35,100000564,883,2,20251225,2025-12-25,2025-12-25,70314.99,70314.99,Paid,Good Payer,0,0,11830250.349999994
196,35,100000564,883,2,20260125,2026-01-25,2026-01-25,70314.99,70314.99,Paid,Good Payer,0,0,11759935.359999994
197,35,100000564,883,2,20260225,2026-02-25,2026-02-25,70314.99,70314.99,Paid,Good Payer,0,0,11689620.369999994
198,35,100000564,883,2,20260325,2026-03-25,2026-03-25,70314.99,70314.99,Paid,Good Payer,0,0,11619305.379999993
199,35,100000564,883,2,20260425,2026-04-25,2026-04-25,70314.99,70314.99,Paid,Good Payer,0,0,11548990.389999993
200,35,100000564,883,2,20260525,2026-05-25,2026-05-25,70314.99,70314.99,Paid,Good Payer,0,0,11478675.399999993
201,35,100000564,883,2,20260625,2026-06-25,2026-06-25,70314.99,70314.99,Paid,Good Payer,0,0,11408360.409999993
202,36,100000574,900,80,20260409,2026-04-09,2026-04-09,645041.2,645041.2,Paid,Good Payer,0,0,8934289.020000001
203,36,100000574,900,80,20260509,2026-05-09,2026-05-09,645041.2,645041.2,Paid,Good Payer,0,0,8289247.820000001
204,36,100000574,900,80,20260609,2026-06-09,2026-06-09,645041.2,645041.2,Paid,Good Payer,0,0,7644206.620000001
205,38,100000593,928,19,20250919,2025-09-19,2025-09-19,229836.39,229836.39,Paid,Good Payer,0,0,1967287.1
206,38,100000593,928,19,20251019,2025-10-19,2025-10-19,229836.39,229836.39,Paid,Good Payer,0,0,1737450.71
207,38,100000593,928,19,20251119,2025-11-19,2025-11-19,229836.39,229836.39,Paid,Good Payer,0,0,1507614.3199999998
208,38,100000593,928,19,20251219,2025-12-19,2025-12-19,229836.39,229836.39,Paid,Good Payer,0,0,1277777.9299999997
209,38,100000593,928,19,20260119,2026-01-19,2026-01-19,229836.39,229836.39,Paid,Good Payer,0,0,1047941.5399999997
210,38,100000593,928,19,20260219,2026-02-19,2026-02-19,229836.39,229836.39,Paid,Good Payer,0,0,818105.1499999997
211,38,100000593,928,19,20260319,2026-03-19,2026-03-19,229836.39,229836.39,Paid,Good Payer,0,0,588268.7599999997
212,38,100000593,928,19,20260419,2026-04-19,2026-04-19,229836.39,229836.39,Paid,Good Payer,0,0,358432.36999999965
213,38,100000593,928,19,20260519,2026-05-19,2026-05-19,229836.39,229836.39,Paid,Good Payer,0,0,128595.97999999963
214,38,100000593,928,19,20260619,2026-06-19,2026-06-19,229836.39,128595.97999999963,Paid,Average Payer,0,0,0.0
215,39,100000595,930,132,20240723,2024-07-23,2024-07-23,829955.3,829955.3,Paid,Good Payer,0,0,22903252.599999998
216,39,100000595,930,132,20240823,2024-08-23,2024-08-23,829955.3,829955.3,Paid,Good Payer,0,0,22073297.299999997
217,39,100000595,930,132,20240923,2024-09-23,2024-09-23,829955.3,829955.3,Paid,Good Payer,0,0,21243341.999999996
218,39,100000595,930,132,20241023,2024-10-23,2024-10-23,829955.3,829955.3,Paid,Good Payer,0,0,20413386.699999996
219,39,100000595,930,132,20241123,2024-11-23,2024-11-23,829955.3,829955.3,Paid,Good Payer,0,0,19583431.399999995
220,39,100000595,930,132,20241223,2024-12-23,2024-12-23,829955.3,829955.3,Paid,Good Payer,0,0,18753476.099999994
221,39,100000595,930,132,20250123,2025-01-23,2025-01-23,829955.3,662516.29,Partial,Good Payer,0,0,18090959.809999995
222,39,100000595,930,132,20250223,2025-02-23,2025-02-23,829955.3,829955.3,Paid,Good Payer,0,0,17261004.509999994
223,39,100000595,930,132,20250323,2025-03-23,2025-03-23,829955.3,829955.3,Paid,Good Payer,0,0,16431049.209999993
224,39,100000595,930,132,20250423,2025-04-23,2025-04-23,829955.3,829955.3,Paid,Good Payer,0,0,15601093.909999993
225,39,100000595,930,132,20250523,2025-05-23,2025-05-23,829955.3,829955.3,Paid,Good Payer,0,0,14771138.609999992
226,39,100000595,930,132,20250623,2025-06-23,2025-06-23,829955.3,829955.3,Paid,Good Payer,0,0,13941183.309999991
227,39,100000595,930,132,20250723,2025-07-23,2025-07-23,829955.3,829955.3,Paid,Good Payer,0,0,13111228.00999999
228,39,100000595,930,132,20250823,2025-08-23,2025-08-23,829955.3,829955.3,Paid,Good Payer,0,0,12281272.70999999
229,39,100000595,930,132,20250923,2025-09-23,2025-09-23,829955.3,829955.3,Paid,Good Payer,0,0,11451317.409999989
230,39,100000595,930,132,20251023,2025-10-23,2025-10-23,829955.3,829955.3,Paid,Good Payer,0,0,10621362.109999988
231,39,100000595,930,132,20251123,2025-11-23,2025-11-23,829955.3,829955.3,Paid,Good Payer,0,0,9791406.809999987
232,39,100000595,930,132,20251223,2025-12-23,2025-12-23,829955.3,829955.3,Paid,Good Payer,0,0,8961451.509999987
233,39,100000595,930,132,20260123,2026-01-23,2026-01-23,829955.3,829955.3,Paid,Good Payer,0,0,8131496.209999987
234,39,100000595,930,132,20260223,2026-02-23,2026-02-23,829955.3,829955.3,Paid,Good Payer,0,0,7301540.909999987
235,39,100000595,930,132,20260323,2026-03-23,2026-03-23,829955.3,829955.3,Paid,Good Payer,0,0,6471585.609999987
236,39,100000595,930,132,20260423,2026-04-23,2026-04-23,829955.3,829955.3,Paid,Good Payer,0,0,5641630.3099999875
237,39,100000595,930,132,20260523,2026-05-23,2026-05-23,829955.3,829955.3,Paid,Good Payer,0,0,4811675.009999988
238,39,100000595,930,132,20260623,2026-06-23,2026-06-23,829955.3,829955.3,Paid,Good Payer,0,0,3981719.709999988
239,41,100000615,962,127,20260107,2026-01-07,2026-01-07,155999.25,155999.25,Paid,Good Payer,0,0,327530.34
240,41,100000615,962,127,20260207,2026-02-07,2026-02-07,155999.25,155999.25,Paid,Good Payer,0,0,171531.09000000003
241,41,100000615,962,127,20260307,2026-03-07,2026-03-07,155999.25,155999.25,Paid,Good Payer,0,0,15531.840000000026
242,41,100000615,962,127,20260407,2026-04-07,2026-04-07,155999.25,15531.840000000026,Paid,Good Payer,0,0,0.0
243,42,100000645,1004,12,20231020,2023-10-20,2023-10-20,385937.58,385937.58,Paid,Good Payer,0,0,3908553.8
244,42,100000645,1004,12,20231120,2023-11-20,2023-11-20,385937.58,385937.58,Paid,Good Payer,0,0,3522616.2199999997
245,42,100000645,1004,12,20231220,2023-12-20,2023-12-20,385937.58,385937.58,Paid,Good Payer,0,0,3136678.6399999997
246,42,100000645,1004,12,20240120,2024-01-20,2024-01-20,385937.58,385937.58,Paid,Good Payer,0,0,2750741.0599999996
247,42,100000645,1004,12,20240220,2024-02-20,2024-02-20,385937.58,385937.58,Paid,Good Payer,0,0,2364803.4799999995
248,42,100000645,1004,12,20240320,2024-03-20,2024-03-20,385937.58,385937.58,Paid,Good Payer,0,0,1978865.8999999994
249,42,100000645,1004,12,20240420,2024-04-20,2024-04-20,385937.58,385937.58,Paid,Good Payer,0,0,1592928.3199999994
250,42,100000645,1004,12,20240520,2024-05-20,2024-05-20,385937.58,385937.58,Paid,Good Payer,0,0,1206990.7399999993
251,42,100000645,1004,12,20240620,2024-06-20,2024-06-20,385937.58,385937.58,Paid,Good Payer,0,0,821053.1599999992
252,42,100000645,1004,12,20240720,2024-07-20,2024-07-20,385937.58,385937.58,Paid,Good Payer,0,0,435115.5799999992
253,42,100000645,1004,12,20240820,2024-08-20,2024-08-20,385937.58,385937.58,Paid,Good Payer,0,0,49177.999999999185
254,42,100000645,1004,12,20240920,2024-09-20,2024-09-20,385937.58,49177.999999999185,Paid,Good Payer,0,0,0.0
255,43,100000646,1007,131,20230818,2023-08-18,2023-08-18,166597.36,166597.36,Paid,Average Payer,0,0,5325416.04
256,43,100000646,1007,131,20230918,2023-09-18,2023-09-18,166597.36,166597.36,Paid,Average Payer,0,0,5158818.68
257,43,100000646,1007,131,20231018,2023-10-18,2023-10-18,166597.36,166597.36,Paid,Average Payer,0,0,4992221.319999999
258,43,100000646,1007,131,20231118,2023-11-18,2023-12-01,166597.36,166597.36,Late,Average Payer,0,13,4825623.959999999
259,43,100000646,1007,131,20231218,2023-12-18,2023-12-22,166597.36,166597.36,Late,Average Payer,0,4,4659026.599999999
260,43,100000646,1007,131,20240118,2024-01-18,2024-01-18,166597.36,166597.36,Paid,Average Payer,0,0,4492429.239999998
261,43,100000646,1007,131,20240218,2024-02-18,2024-02-18,166597.36,166597.36,Paid,Average Payer,0,0,4325831.879999998
262,43,100000646,1007,131,20240318,2024-03-18,,166597.36,0.0,Missed,Average Payer,1,60,4325831.879999998
263,43,100000646,1007,131,20240418,2024-04-18,2024-04-18,166597.36,166597.36,Paid,Average Payer,0,0,4159234.519999998
264,43,100000646,1007,131,20240518,2024-05-18,2024-05-18,166597.36,99353.26,Partial,Average Payer,0,0,4059881.2599999984
265,43,100000646,1007,131,20240618,2024-06-18,2024-06-18,166597.36,166597.36,Paid,Average Payer,0,0,3893283.8999999985
266,43,100000646,1007,131,20240718,2024-07-18,2024-07-18,166597.36,166597.36,Paid,Average Payer,0,0,3726686.5399999986
267,43,100000646,1007,131,20240818,2024-08-18,2024-08-21,166597.36,166597.36,Late,Average Payer,0,3,3560089.179999999
268,43,100000646,1007,131,20240918,2024-09-18,2024-09-18,166597.36,141438.54,Partial,Average Payer,0,0,3418650.6399999987
269,43,100000646,1007,131,20241018,2024-10-18,2024-10-18,166597.36,166597.36,Paid,Average Payer,0,0,3252053.279999999
270,43,100000646,1007,131,20241118,2024-11-18,2024-12-03,166597.36,166597.36,Late,Average Payer,0,15,3085455.919999999
271,43,100000646,1007,131,20241218,2024-12-18,2024-12-30,166597.36,166597.36,Late,Average Payer,0,12,2918858.559999999
272,43,100000646,1007,131,20250118,2025-01-18,2025-01-18,166597.36,166597.36,Paid,Average Payer,0,0,2752261.1999999993
273,43,100000646,1007,131,20250218,2025-02-18,2025-02-18,166597.36,166597.36,Paid,Average Payer,0,0,2585663.8399999994
274,43,100000646,1007,131,20250318,2025-03-18,2025-03-18,166597.36,166597.36,Paid,Average Payer,0,0,2419066.4799999995
275,43,100000646,1007,131,20250418,2025-04-18,2025-04-18,166597.36,166597.36,Paid,Average Payer,0,0,2252469.1199999996
276,43,100000646,1007,131,20250518,2025-05-18,2025-05-25,166597.36,166597.36,Late,Average Payer,0,7,2085871.7599999998
277,43,100000646,1007,131,20250618,2025-06-18,2025-06-18,166597.36,166597.36,Paid,Average Payer,0,0,1919274.4
278,43,100000646,1007,131,20250718,2025-07-18,2025-07-18,166597.36,166597.36,Paid,Average Payer,0,0,1752677.04
279,43,100000646,1007,131,20250818,2025-08-18,2025-08-18,166597.36,166597.36,Paid,Average Payer,0,0,1586079.6800000002
280,43,100000646,1007,131,20250918,2025-09-18,2025-09-18,166597.36,166597.36,Paid,Average Payer,0,0,1419482.3200000003
281,43,100000646,1007,131,20251018,2025-10-18,2025-10-18,166597.36,166597.36,Paid,Average Payer,0,0,1252884.9600000004
282,43,100000646,1007,131,20251118,2025-11-18,2025-11-18,166597.36,166597.36,Paid,Average Payer,0,0,1086287.6000000006
283,43,100000646,1007,131,20251218,2025-12-18,2025-12-18,166597.36,166597.36,Paid,Average Payer,0,0,919690.2400000006
284,43,100000646,1007,131,20260118,2026-01-18,2026-01-25,166597.36,166597.36,Late,Average Payer,0,7,753092.8800000006
285,43,100000646,1007,131,20260218,2026-02-18,2026-03-05,166597.36,166597.36,Late,Average Payer,0,15,586495.5200000006
286,43,100000646,1007,131,20260318,2026-03-18,2026-03-18,166597.36,166597.36,Paid,Average Payer,0,0,419898.1600000006
287,43,100000646,1007,131,20260418,2026-04-18,2026-04-18,166597.36,166597.36,Paid,High Risk,0,0,253300.80000000063
288,43,100000646,1007,131,20260518,2026-05-18,2026-05-18,166597.36,166597.36,Paid,High Risk,0,0,86703.44000000064
289,43,100000646,1007,131,20260618,2026-06-18,2026-06-20,166597.36,86703.44000000064,Late,High Risk,0,2,0.0
290,45,100000671,1048,18,20250510,2025-05-10,2025-05-10,30665.15,30665.15,Paid,Good Payer,0,0,1063873.1300000001
291,45,100000671,1048,18,20250610,2025-06-10,2025-06-10,30665.15,30665.15,Paid,Good Payer,0,0,1033207.9800000001
292,45,100000671,1048,18,20250710,2025-07-10,2025-07-10,30665.15,30665.15,Paid,Good Payer,0,0,1002542.8300000001
293,45,100000671,1048,18,20250810,2025-08-10,2025-08-10,30665.15,30665.15,Paid,Good Payer,0,0,971877.68
294,45,100000671,1048,18,20250910,2025-09-10,2025-09-10,30665.15,30665.15,Paid,Good Payer,0,0,941212.53
295,45,100000671,1048,18,20251010,2025-10-10,2025-10-10,30665.15,30665.15,Paid,Good Payer,0,0,910547.38
296,45,100000671,1048,18,20251110,2025-11-10,2025-11-10,30665.15,30665.15,Paid,Good Payer,0,0,879882.23
297,45,100000671,1048,18,20251210,2025-12-10,2025-12-10,30665.15,30665.15,Paid,Good Payer,0,0,849217.08
298,45,100000671,1048,18,20260110,2026-01-10,2026-01-10,30665.15,30665.15,Paid,Good Payer,0,0,818551.9299999999
299,45,100000671,1048,18,20260210,2026-02-10,2026-02-18,30665.15,30665.15,Late,Good Payer,0,8,787886.7799999999
300,45,100000671,1048,18,20260310,2026-03-10,2026-03-10,30665.15,30665.15,Paid,Good Payer,0,0,757221.6299999999
301,45,100000671,1048,18,20260410,2026-04-10,2026-04-10,30665.15,30665.15,Paid,Good Payer,0,0,726556.4799999999
302,45,100000671,1048,18,20260510,2026-05-10,2026-05-13,30665.15,30665.15,Late,Good Payer,0,3,695891.3299999998
303,45,100000671,1048,18,20260610,2026-06-10,2026-06-10,30665.15,30665.15,Paid,Good Payer,0,0,665226.1799999998
304,47,100000694,1078,26,20260314,2026-03-14,2026-03-14,397851.15,397851.15,Paid,Good Payer,0,0,9906608.719999999
305,47,100000694,1078,26,20260414,2026-04-14,2026-04-14,397851.15,397851.15,Paid,Good Payer,0,0,9508757.569999998
306,47,100000694,1078,26,20260514,2026-05-14,2026-05-14,397851.15,397851.15,Paid,Good Payer,0,0,9110906.419999998
307,47,100000694,1078,26,20260614,2026-06-14,2026-06-14,397851.15,397851.15,Paid,Good Payer,0,0,8713055.269999998
308,49,100000708,1098,115,20260623,2026-06-23,2026-06-23,1231715.91,1231715.91,Paid,Good Payer,0,0,12964071.64
309,54,100000766,1193,71,20260623,2026-06-23,2026-06-23,406878.36,406878.36,Paid,Average Payer,0,0,4616032.55
310,56,100000782,1222,66,20250208,2025-02-08,2025-02-08,248015.73,248015.73,Paid,Good Payer,0,0,4085252.0100000002
311,56,100000782,1222,66,20250308,2025-03-08,2025-03-08,248015.73,248015.73,Paid,Good Payer,0,0,3837236.2800000003
312,56,100000782,1222,66,20250408,2025-04-08,2025-04-08,248015.73,248015.73,Paid,Good Payer,0,0,3589220.5500000003
313,56,100000782,1222,66,20250508,2025-05-08,2025-05-08,248015.73,248015.73,Paid,Good Payer,0,0,3341204.8200000003
314,56,100000782,1222,66,20250608,2025-06-08,2025-06-08,248015.73,248015.73,Paid,Good Payer,0,0,3093189.0900000003
315,56,100000782,1222,66,20250708,2025-07-08,2025-07-08,248015.73,248015.73,Paid,Good Payer,0,0,2845173.3600000003
316,56,100000782,1222,66,20250808,2025-08-08,2025-08-08,248015.73,248015.73,Paid,Good Payer,0,0,2597157.6300000004
317,56,100000782,1222,66,20250908,2025-09-08,2025-09-08,248015.73,248015.73,Paid,Good Payer,0,0,2349141.9000000004
318,56,100000782,1222,66,20251008,2025-10-08,2025-10-08,248015.73,248015.73,Paid,Good Payer,0,0,2101126.1700000004
319,56,100000782,1222,66,20251108,2025-11-08,2025-11-08,248015.73,248015.73,Paid,Good Payer,0,0,1853110.4400000004
320,56,100000782,1222,66,20251208,2025-12-08,2025-12-08,248015.73,248015.73,Paid,Good Payer,0,0,1605094.7100000004
321,56,100000782,1222,66,20260108,2026-01-08,2026-01-08,248015.73,248015.73,Paid,Good Payer,0,0,1357078.9800000004
322,56,100000782,1222,66,20260208,2026-02-08,2026-02-08,248015.73,248015.73,Paid,Good Payer,0,0,1109063.2500000005
323,56,100000782,1222,66,20260308,2026-03-08,2026-03-08,248015.73,248015.73,Paid,Good Payer,0,0,861047.5200000005
324,56,100000782,1222,66,20260408,2026-04-08,2026-04-08,248015.73,248015.73,Paid,Good Payer,0,0,613031.7900000005
325,56,100000782,1222,66,20260508,2026-05-08,2026-05-08,248015.73,248015.73,Paid,Good Payer,0,0,365016.0600000005
326,56,100000782,1222,66,20260608,2026-06-08,2026-06-08,248015.73,248015.73,Paid,Good Payer,0,0,117000.33000000051
327,57,100000787,1229,74,20250622,2025-06-22,2025-06-22,1971630.52,1971630.52,Paid,Good Payer,0,0,40294921.01
328,57,100000787,1229,74,20250722,2025-07-22,2025-07-22,1971630.52,1971630.52,Paid,Good Payer,0,0,38323290.489999995
329,57,100000787,1229,74,20250822,2025-08-22,2025-08-22,1971630.52,1971630.52,Paid,Good Payer,0,0,36351659.96999999
330,57,100000787,1229,74,20250922,2025-09-22,2025-09-22,1971630.52,1320517.86,Partial,Good Payer,0,0,35031142.10999999
331,57,100000787,1229,74,20251022,2025-10-22,2025-10-22,1971630.52,1971630.52,Paid,Good Payer,0,0,33059511.589999992
332,57,100000787,1229,74,20251122,2025-11-22,2025-11-22,1971630.52,1971630.52,Paid,Good Payer,0,0,31087881.069999993
333,57,100000787,1229,74,20251222,2025-12-22,2025-12-22,1971630.52,1971630.52,Paid,Good Payer,0,0,29116250.549999993
334,57,100000787,1229,74,20260122,2026-01-22,2026-01-22,1971630.52,1971630.52,Paid,Good Payer,0,0,27144620.029999994
335,57,100000787,1229,74,20260222,2026-02-22,2026-02-22,1971630.52,1971630.52,Paid,Good Payer,0,0,25172989.509999994
336,57,100000787,1229,74,20260322,2026-03-22,2026-03-22,1971630.52,1971630.52,Paid,Good Payer,0,0,23201358.989999995
337,57,100000787,1229,74,20260422,2026-04-22,2026-04-22,1971630.52,1971630.52,Paid,Average Payer,0,0,21229728.469999995
338,57,100000787,1229,74,20260522,2026-05-22,2026-05-22,1971630.52,1971630.52,Paid,High Risk,0,0,19258097.949999996
339,57,100000787,1229,74,20260622,2026-06-22,2026-06-22,1971630.52,1098681.37,Partial,High Risk,0,0,18159416.579999994
340,58,100000789,1231,54,20260607,2026-06-07,2026-06-07,62997275.92,62997275.92,Paid,Good Payer,0,0,386288599.93
341,59,100000796,1240,127,20260623,2026-06-23,2026-06-23,87568.11,87568.11,Paid,Average Payer,0,0,2551875.23
342,65,100000956,1486,43,20250810,2025-08-10,2025-08-10,377573.06,377573.06,Paid,Good Payer,0,0,8906816.08
343,65,100000956,1486,43,20250910,2025-09-10,2025-09-10,377573.06,377573.06,Paid,Good Payer,0,0,8529243.02
344,65,100000956,1486,43,20251010,2025-10-10,2025-10-10,377573.06,377573.06,Paid,Good Payer,0,0,8151669.96
345,65,100000956,1486,43,20251110,2025-11-10,2025-11-10,377573.06,377573.06,Paid,Good Payer,0,0,7774096.9
346,65,100000956,1486,43,20251210,2025-12-10,2025-12-10,377573.06,377573.06,Paid,Good Payer,0,0,7396523.840000001
347,65,100000956,1486,43,20260110,2026-01-10,2026-01-10,377573.06,377573.06,Paid,Good Payer,0,0,7018950.780000001
348,65,100000956,1486,43,20260210,2026-02-10,2026-02-10,377573.06,377573.06,Paid,Good Payer,0,0,6641377.720000002
349,65,100000956,1486,43,20260310,2026-03-10,2026-03-14,377573.06,377573.06,Late,Good Payer,0,4,6263804.660000002
350,65,100000956,1486,43,20260410,2026-04-10,2026-04-10,377573.06,377573.06,Paid,Good Payer,0,0,5886231.600000002
351,65,100000956,1486,43,20260510,2026-05-10,2026-05-10,377573.06,377573.06,Paid,Good Payer,0,0,5508658.540000003
352,65,100000956,1486,43,20260610,2026-06-10,2026-06-10,377573.06,377573.06,Paid,Good Payer,0,0,5131085.480000003
353,66,100000959,1492,17,20250120,2025-01-20,,1420749.14,0.0,Missed,Good Payer,1,52,29880944.88
354,66,100000959,1492,17,20250220,2025-02-20,2025-02-20,1420749.14,1420749.14,Paid,Good Payer,0,0,28460195.74
355,66,100000959,1492,17,20250320,2025-03-20,2025-03-20,1420749.14,1420749.14,Paid,Good Payer,0,0,27039446.599999998
356,66,100000959,1492,17,20250420,2025-04-20,2025-04-20,1420749.14,1420749.14,Paid,Good Payer,0,0,25618697.459999997
357,66,100000959,1492,17,20250520,2025-05-20,2025-05-20,1420749.14,1420749.14,Paid,Good Payer,0,0,24197948.319999997
358,66,100000959,1492,17,20250620,2025-06-20,2025-06-20,1420749.14,1420749.14,Paid,Good Payer,0,0,22777199.179999996
359,66,100000959,1492,17,20250720,2025-07-20,2025-07-20,1420749.14,1420749.14,Paid,Good Payer,0,0,21356450.039999995
360,66,100000959,1492,17,20250820,2025-08-20,2025-08-20,1420749.14,1420749.14,Paid,Good Payer,0,0,19935700.899999995
361,66,100000959,1492,17,20250920,2025-09-20,2025-09-20,1420749.14,1420749.14,Paid,Good Payer,0,0,18514951.759999994
362,66,100000959,1492,17,20251020,2025-10-20,2025-10-20,1420749.14,1420749.14,Paid,Good Payer,0,0,17094202.619999994
363,66,100000959,1492,17,20251120,2025-11-20,2025-11-20,1420749.14,1420749.14,Paid,Good Payer,0,0,15673453.479999993
364,66,100000959,1492,17,20251220,2025-12-20,2025-12-20,1420749.14,1420749.14,Paid,Good Payer,0,0,14252704.339999992
365,66,100000959,1492,17,20260120,2026-01-20,2026-01-20,1420749.14,1420749.14,Paid,Good Payer,0,0,12831955.199999992
366,66,100000959,1492,17,20260220,2026-02-20,2026-02-20,1420749.14,1420749.14,Paid,Good Payer,0,0,11411206.059999991
367,66,100000959,1492,17,20260320,2026-03-20,2026-03-20,1420749.14,1420749.14,Paid,Good Payer,0,0,9990456.91999999
368,66,100000959,1492,17,20260420,2026-04-20,2026-04-20,1420749.14,1420749.14,Paid,Good Payer,0,0,8569707.77999999
369,66,100000959,1492,17,20260520,2026-05-20,2026-05-20,1420749.14,1420749.14,Paid,Good Payer,0,0,7148958.63999999
370,66,100000959,1492,17,20260620,2026-06-20,2026-06-20,1420749.14,1420749.14,Paid,Good Payer,0,0,5728209.499999991
371,68,100000977,1524,76,20241116,2024-11-16,2024-11-16,102011.35,102011.35,Paid,Good Payer,0,0,14285396.19
372,68,100000977,1524,76,20241216,2024-12-16,2024-12-16,102011.35,102011.35,Paid,Good Payer,0,0,14183384.84
373,68,100000977,1524,76,20250116,2025-01-16,2025-01-16,102011.35,102011.35,Paid,Good Payer,0,0,14081373.49
374,68,100000977,1524,76,20250216,2025-02-16,2025-02-16,102011.35,102011.35,Paid,Good Payer,0,0,13979362.14
375,68,100000977,1524,76,20250316,2025-03-16,2025-03-16,102011.35,102011.35,Paid,Good Payer,0,0,13877350.790000001
376,68,100000977,1524,76,20250416,2025-04-16,2025-04-16,102011.35,102011.35,Paid,Good Payer,0,0,13775339.440000001
377,68,100000977,1524,76,20250516,2025-05-16,2025-05-16,102011.35,102011.35,Paid,Good Payer,0,0,13673328.090000002
378,68,100000977,1524,76,20250616,2025-06-16,2025-06-16,102011.35,102011.35,Paid,Good Payer,0,0,13571316.740000002
379,68,100000977,1524,76,20250716,2025-07-16,2025-07-16,102011.35,102011.35,Paid,Good Payer,0,0,13469305.390000002
380,68,100000977,1524,76,20250816,2025-08-16,2025-08-16,102011.35,102011.35,Paid,Good Payer,0,0,13367294.040000003
381,68,100000977,1524,76,20250916,2025-09-16,2025-09-16,102011.35,102011.35,Paid,Good Payer,0,0,13265282.690000003
382,68,100000977,1524,76,20251016,2025-10-16,2025-10-16,102011.35,102011.35,Paid,Good Payer,0,0,13163271.340000004
383,68,100000977,1524,76,20251116,2025-11-16,2025-11-16,102011.35,102011.35,Paid,Good Payer,0,0,13061259.990000004
384,68,100000977,1524,76,20251216,2025-12-16,2025-12-16,102011.35,102011.35,Paid,Good Payer,0,0,12959248.640000004
385,68,100000977,1524,76,20260116,2026-01-16,2026-01-16,102011.35,102011.35,Paid,Good Payer,0,0,12857237.290000005
386,68,100000977,1524,76,20260216,2026-02-16,2026-02-16,102011.35,102011.35,Paid,Good Payer,0,0,12755225.940000005
387,68,100000977,1524,76,20260316,2026-03-16,2026-03-16,102011.35,102011.35,Paid,Good Payer,0,0,12653214.590000005
388,68,100000977,1524,76,20260416,2026-04-16,2026-04-16,102011.35,102011.35,Paid,Good Payer,0,0,12551203.240000006
389,68,100000977,1524,76,20260516,2026-05-16,2026-05-16,102011.35,102011.35,Paid,Good Payer,0,0,12449191.890000006
390,68,100000977,1524,76,20260616,2026-06-16,2026-06-16,102011.35,102011.35,Paid,Good Payer,0,0,12347180.540000007
391,69,100000988,1541,50,20250719,2025-07-19,2025-07-19,8142156.22,8142156.22,Paid,Good Payer,0,0,207123824.29
392,69,100000988,1541,50,20250819,2025-08-19,2025-08-19,8142156.22,8142156.22,Paid,Good Payer,0,0,198981668.07
393,69,100000988,1541,50,20250919,2025-09-19,2025-09-19,8142156.22,8142156.22,Paid,Good Payer,0,0,190839511.85
394,69,100000988,1541,50,20251019,2025-10-19,2025-10-21,8142156.22,8142156.22,Late,Good Payer,0,2,182697355.63
395,69,100000988,1541,50,20251119,2025-11-19,2025-11-19,8142156.22,8142156.22,Paid,Good Payer,0,0,174555199.41
396,69,100000988,1541,50,20251219,2025-12-19,2025-12-19,8142156.22,8142156.22,Paid,Good Payer,0,0,166413043.19
397,69,100000988,1541,50,20260119,2026-01-19,2026-01-19,8142156.22,8142156.22,Paid,Good Payer,0,0,158270886.97
398,69,100000988,1541,50,20260219,2026-02-19,2026-02-19,8142156.22,8142156.22,Paid,Good Payer,0,0,150128730.75
399,69,100000988,1541,50,20260319,2026-03-19,2026-03-19,8142156.22,8142156.22,Paid,Good Payer,0,0,141986574.53
400,69,100000988,1541,50,20260419,2026-04-19,2026-04-19,8142156.22,8142156.22,Paid,Good Payer,0,0,133844418.31
401,69,100000988,1541,50,20260519,2026-05-19,2026-05-19,8142156.22,8142156.22,Paid,Good Payer,0,0,125702262.09
402,69,100000988,1541,50,20260619,2026-06-19,2026-06-19,8142156.22,8142156.22,Paid,Good Payer,0,0,117560105.87
403,70,100001016,1590,137,20250725,2025-07-25,2025-07-25,513029.96,513029.96,Paid,Good Payer,0,0,7680180.05
404,70,100001016,1590,137,20250825,2025-08-25,2025-08-25,513029.96,513029.96,Paid,Good Payer,0,0,7167150.09
405,70,100001016,1590,137,20250925,2025-09-25,2025-09-25,513029.96,513029.96,Paid,Good Payer,0,0,6654120.13
406,70,100001016,1590,137,20251025,2025-10-25,2025-10-25,513029.96,513029.96,Paid,Good Payer,0,0,6141090.17
407,70,100001016,1590,137,20251125,2025-11-25,2025-11-25,513029.96,513029.96,Paid,Good Payer,0,0,5628060.21
408,70,100001016,1590,137,20251225,2025-12-25,2025-12-25,513029.96,513029.96,Paid,Good Payer,0,0,5115030.25
409,70,100001016,1590,137,20260125,2026-01-25,2026-01-25,513029.96,513029.96,Paid,Good Payer,0,0,4602000.29
410,70,100001016,1590,137,20260225,2026-02-25,2026-02-25,513029.96,513029.96,Paid,Good Payer,0,0,4088970.33
411,70,100001016,1590,137,20260325,2026-03-25,2026-03-25,513029.96,513029.96,Paid,Good Payer,0,0,3575940.37
412,70,100001016,1590,137,20260425,2026-04-25,2026-04-25,513029.96,513029.96,Paid,Good Payer,0,0,3062910.41
413,70,100001016,1590,137,20260525,2026-05-25,2026-05-25,513029.96,513029.96,Paid,Good Payer,0,0,2549880.45
414,70,100001016,1590,137,20260625,2026-06-25,2026-06-25,513029.96,513029.96,Paid,Good Payer,0,0,2036850.4900000002
415,72,100001052,1641,64,20250414,2025-04-14,2025-04-14,1504319.12,1504319.12,Paid,Good Payer,0,0,8247271.38
416,72,100001052,1641,64,20250514,2025-05-14,2025-05-14,1504319.12,1504319.12,Paid,Good Payer,0,0,6742952.26
417,72,100001052,1641,64,20250614,2025-06-14,2025-06-14,1504319.12,1504319.12,Paid,Good Payer,0,0,5238633.14
418,72,100001052,1641,64,20250714,2025-07-14,2025-07-14,1504319.12,1504319.12,Paid,Good Payer,0,0,3734314.0199999996
419,72,100001052,1641,64,20250814,2025-08-14,2025-08-14,1504319.12,1504319.12,Paid,Good Payer,0,0,2229994.8999999994
420,72,100001052,1641,64,20250914,2025-09-14,2025-09-14,1504319.12,1504319.12,Paid,Good Payer,0,0,725675.7799999993
421,72,100001052,1641,64,20251014,2025-10-14,2025-10-14,1504319.12,725675.7799999993,Paid,Good Payer,0,0,0.0
422,73,100001063,1655,107,20250916,2025-09-16,2025-09-16,24682224.07,24682224.07,Paid,Good Payer,0,0,239164646.16
423,73,100001063,1655,107,20251016,2025-10-16,2025-10-16,24682224.07,24682224.07,Paid,Good Payer,0,0,214482422.09
424,73,100001063,1655,107,20251116,2025-11-16,2025-11-16,24682224.07,24682224.07,Paid,Good Payer,0,0,189800198.02
425,73,100001063,1655,107,20251216,2025-12-16,2025-12-16,24682224.07,24682224.07,Paid,Good Payer,0,0,165117973.95000002
426,73,100001063,1655,107,20260116,2026-01-16,2026-01-16,24682224.07,24682224.07,Paid,Good Payer,0,0,140435749.88000003
427,73,100001063,1655,107,20260216,2026-02-16,2026-02-16,24682224.07,24682224.07,Paid,Good Payer,0,0,115753525.81000003
428,73,100001063,1655,107,20260316,2026-03-16,2026-03-16,24682224.07,24682224.07,Paid,Good Payer,0,0,91071301.74000004
429,73,100001063,1655,107,20260416,2026-04-16,2026-04-16,24682224.07,24682224.07,Paid,Good Payer,0,0,66389077.67000004
430,73,100001063,1655,107,20260516,2026-05-16,2026-05-16,24682224.07,24682224.07,Paid,Good Payer,0,0,41706853.60000004
431,73,100001063,1655,107,20260616,2026-06-16,2026-06-16,24682224.07,11934538.51,Partial,Good Payer,0,0,29772315.09000004
432,75,100001073,1668,4,20240713,2024-07-13,2024-07-13,842394.5,842394.5,Paid,Good Payer,0,0,25964950.3
433,75,100001073,1668,4,20240813,2024-08-13,2024-08-13,842394.5,842394.5,Paid,Good Payer,0,0,25122555.8
434,75,100001073,1668,4,20240913,2024-09-13,2024-09-13,842394.5,842394.5,Paid,Good Payer,0,0,24280161.3
435,75,100001073,1668,4,20241013,2024-10-13,2024-10-16,842394.5,842394.5,Late,Good Payer,0,3,23437766.8
436,75,100001073,1668,4,20241113,2024-11-13,2024-11-13,842394.5,842394.5,Paid,Good Payer,0,0,22595372.3
437,75,100001073,1668,4,20241213,2024-12-13,2024-12-13,842394.5,842394.5,Paid,Good Payer,0,0,21752977.8
438,75,100001073,1668,4,20250113,2025-01-13,2025-01-13,842394.5,842394.5,Paid,Good Payer,0,0,20910583.3
439,75,100001073,1668,4,20250213,2025-02-13,2025-02-13,842394.5,842394.5,Paid,Good Payer,0,0,20068188.8
440,75,100001073,1668,4,20250313,2025-03-13,2025-03-13,842394.5,842394.5,Paid,Good Payer,0,0,19225794.3
441,75,100001073,1668,4,20250413,2025-04-13,2025-04-13,842394.5,842394.5,Paid,Good Payer,0,0,18383399.8
442,75,100001073,1668,4,20250513,2025-05-13,2025-05-13,842394.5,842394.5,Paid,Good Payer,0,0,17541005.3
443,75,100001073,1668,4,20250613,2025-06-13,2025-06-13,842394.5,842394.5,Paid,Good Payer,0,0,16698610.8
444,75,100001073,1668,4,20250713,2025-07-13,2025-07-13,842394.5,842394.5,Paid,Good Payer,0,0,15856216.3
445,75,100001073,1668,4,20250813,2025-08-13,2025-08-13,842394.5,842394.5,Paid,Good Payer,0,0,15013821.8
446,75,100001073,1668,4,20250913,2025-09-13,2025-09-13,842394.5,842394.5,Paid,Good Payer,0,0,14171427.3
447,75,100001073,1668,4,20251013,2025-10-13,2025-10-13,842394.5,842394.5,Paid,Good Payer,0,0,13329032.8
448,75,100001073,1668,4,20251113,2025-11-13,2025-11-13,842394.5,842394.5,Paid,Good Payer,0,0,12486638.3
449,75,100001073,1668,4,20251213,2025-12-13,2025-12-13,842394.5,842394.5,Paid,Good Payer,0,0,11644243.8
450,75,100001073,1668,4,20260113,2026-01-13,2026-01-13,842394.5,842394.5,Paid,Good Payer,0,0,10801849.3
451,75,100001073,1668,4,20260213,2026-02-13,2026-02-13,842394.5,842394.5,Paid,Good Payer,0,0,9959454.8
452,75,100001073,1668,4,20260313,2026-03-13,2026-03-13,842394.5,842394.5,Paid,Good Payer,0,0,9117060.3
453,75,100001073,1668,4,20260413,2026-04-13,2026-04-13,842394.5,842394.5,Paid,Good Payer,0,0,8274665.800000001
454,75,100001073,1668,4,20260513,2026-05-13,2026-05-13,842394.5,842394.5,Paid,Good Payer,0,0,7432271.300000001
455,75,100001073,1668,4,20260613,2026-06-13,2026-06-13,842394.5,842394.5,Paid,Good Payer,0,0,6589876.800000001
456,79,100001132,1753,59,20260110,2026-01-10,2026-01-10,615884.41,615884.41,Paid,Average Payer,0,0,15104283.32
457,79,100001132,1753,59,20260210,2026-02-10,2026-02-10,615884.41,615884.41,Paid,Average Payer,0,0,14488398.91
458,79,100001132,1753,59,20260310,2026-03-10,2026-03-22,615884.41,615884.41,Late,Average Payer,0,12,13872514.5
459,79,100001132,1753,59,20260410,2026-04-10,2026-04-10,615884.41,615884.41,Paid,Average Payer,0,0,13256630.09
460,79,100001132,1753,59,20260510,2026-05-10,2026-05-10,615884.41,615884.41,Paid,Average Payer,0,0,12640745.68
461,79,100001132,1753,59,20260610,2026-06-10,2026-06-10,615884.41,615884.41,Paid,Average Payer,0,0,12024861.27
462,80,100001153,1787,94,20260506,2026-05-06,2026-05-06,296963.73,296963.73,Paid,Good Payer,0,0,2930248.21
463,80,100001153,1787,94,20260606,2026-06-06,2026-06-06,296963.73,296963.73,Paid,Good Payer,0,0,2633284.48
464,81,100001177,1823,109,20250930,2025-09-30,2025-09-30,163398.55,163398.55,Paid,Good Payer,0,0,2280028.49
465,81,100001177,1823,109,20251030,2025-10-30,2025-10-30,163398.55,163398.55,Paid,Good Payer,0,0,2116629.9400000004
466,81,100001177,1823,109,20251130,2025-11-30,2025-11-30,163398.55,163398.55,Paid,Good Payer,0,0,1953231.3900000004
467,81,100001177,1823,109,20251230,2025-12-30,2025-12-30,163398.55,163398.55,Paid,Good Payer,0,0,1789832.8400000003
468,81,100001177,1823,109,20260130,2026-01-30,2026-01-30,163398.55,163398.55,Paid,Good Payer,0,0,1626434.2900000003
469,81,100001177,1823,109,20260228,2026-02-28,2026-02-28,163398.55,163398.55,Paid,Good Payer,0,0,1463035.7400000002
470,81,100001177,1823,109,20260328,2026-03-28,2026-03-28,163398.55,163398.55,Paid,Good Payer,0,0,1299637.1900000002
471,81,100001177,1823,109,20260428,2026-04-28,2026-04-28,163398.55,163398.55,Paid,Good Payer,0,0,1136238.6400000001
472,81,100001177,1823,109,20260528,2026-05-28,2026-05-28,163398.55,163398.55,Paid,Good Payer,0,0,972840.0900000001
473,81,100001177,1823,109,20260628,2026-06-28,2026-06-28,163398.55,163398.55,Paid,Good Payer,0,0,809441.54
474,82,100001195,1850,5,20231216,2023-12-16,2023-12-16,65601741.0,65601741.0,Paid,Good Payer,0,0,1619599551.35
475,82,100001195,1850,5,20240116,2024-01-16,2024-01-16,65601741.0,65601741.0,Paid,Good Payer,0,0,1553997810.35
476,82,100001195,1850,5,20240216,2024-02-16,2024-02-16,65601741.0,65601741.0,Paid,Good Payer,0,0,1488396069.35
477,82,100001195,1850,5,20240316,2024-03-16,2024-03-16,65601741.0,65601741.0,Paid,Good Payer,0,0,1422794328.35
478,82,100001195,1850,5,20240416,2024-04-16,2024-04-16,65601741.0,65601741.0,Paid,Good Payer,0,0,1357192587.35
479,82,100001195,1850,5,20240516,2024-05-16,2024-05-16,65601741.0,65601741.0,Paid,Good Payer,0,0,1291590846.35
480,82,100001195,1850,5,20240616,2024-06-16,2024-06-16,65601741.0,65601741.0,Paid,Good Payer,0,0,1225989105.35
481,82,100001195,1850,5,20240716,2024-07-16,2024-07-16,65601741.0,65601741.0,Paid,Good Payer,0,0,1160387364.35
482,82,100001195,1850,5,20240816,2024-08-16,2024-08-16,65601741.0,65601741.0,Paid,Good Payer,0,0,1094785623.35
483,82,100001195,1850,5,20240916,2024-09-16,2024-09-16,65601741.0,65601741.0,Paid,Good Payer,0,0,1029183882.3499999
484,82,100001195,1850,5,20241016,2024-10-16,2024-10-16,65601741.0,65601741.0,Paid,Good Payer,0,0,963582141.3499999
485,82,100001195,1850,5,20241116,2024-11-16,2024-11-16,65601741.0,65601741.0,Paid,Good Payer,0,0,897980400.3499999
486,82,100001195,1850,5,20241216,2024-12-16,2024-12-16,65601741.0,65601741.0,Paid,Good Payer,0,0,832378659.3499999
487,82,100001195,1850,5,20250116,2025-01-16,2025-01-16,65601741.0,65601741.0,Paid,Good Payer,0,0,766776918.3499999
488,82,100001195,1850,5,20250216,2025-02-16,2025-02-16,65601741.0,65601741.0,Paid,Good Payer,0,0,701175177.3499999
489,82,100001195,1850,5,20250316,2025-03-16,2025-03-16,65601741.0,65601741.0,Paid,Good Payer,0,0,635573436.3499999
490,82,100001195,1850,5,20250416,2025-04-16,2025-04-16,65601741.0,65601741.0,Paid,Good Payer,0,0,569971695.3499999
491,82,100001195,1850,5,20250516,2025-05-16,2025-05-16,65601741.0,65601741.0,Paid,Good Payer,0,0,504369954.3499999
492,82,100001195,1850,5,20250616,2025-06-16,2025-06-16,65601741.0,65601741.0,Paid,Good Payer,0,0,438768213.3499999
493,82,100001195,1850,5,20250716,2025-07-16,2025-07-16,65601741.0,65601741.0,Paid,Good Payer,0,0,373166472.3499999
494,82,100001195,1850,5,20250816,2025-08-16,2025-08-16,65601741.0,65601741.0,Paid,Good Payer,0,0,307564731.3499999
495,82,100001195,1850,5,20250916,2025-09-16,2025-09-16,65601741.0,65601741.0,Paid,Good Payer,0,0,241962990.3499999
496,82,100001195,1850,5,20251016,2025-10-16,2025-10-16,65601741.0,65601741.0,Paid,Good Payer,0,0,176361249.3499999
497,82,100001195,1850,5,20251116,2025-11-16,2025-11-16,65601741.0,65601741.0,Paid,Good Payer,0,0,110759508.3499999
498,82,100001195,1850,5,20251216,2025-12-16,2025-12-16,65601741.0,65601741.0,Paid,Good Payer,0,0,45157767.349999905
499,82,100001195,1850,5,20260116,2026-01-16,2026-01-16,65601741.0,45157767.349999905,Paid,Good Payer,0,0,0.0
500,84,100001240,1914,19,20250107,2025-01-07,2025-01-07,141655.79,141655.79,Paid,Average Payer,0,0,2749259.63
501,84,100001240,1914,19,20250207,2025-02-07,2025-02-07,141655.79,141655.79,Paid,Average Payer,0,0,2607603.84
502,84,100001240,1914,19,20250307,2025-03-07,2025-03-07,141655.79,141655.79,Paid,Average Payer,0,0,2465948.05
503,84,100001240,1914,19,20250407,2025-04-07,2025-04-07,141655.79,141655.79,Paid,Average Payer,0,0,2324292.26
504,84,100001240,1914,19,20250507,2025-05-07,2025-05-07,141655.79,141655.79,Paid,Average Payer,0,0,2182636.4699999997
505,84,100001240,1914,19,20250607,2025-06-07,2025-06-07,141655.79,141655.79,Paid,Average Payer,0,0,2040980.6799999997
506,84,100001240,1914,19,20250707,2025-07-07,2025-07-07,141655.79,141655.79,Paid,Average Payer,0,0,1899324.8899999997
507,84,100001240,1914,19,20250807,2025-08-07,2025-08-07,141655.79,141655.79,Paid,Average Payer,0,0,1757669.0999999996
508,84,100001240,1914,19,20250907,2025-09-07,2025-09-08,141655.79,141655.79,Late,Average Payer,0,1,1616013.3099999996
509,84,100001240,1914,19,20251007,2025-10-07,2025-10-07,141655.79,63479.02,Partial,Average Payer,0,0,1552534.2899999996
510,84,100001240,1914,19,20251107,2025-11-07,2025-11-07,141655.79,141655.79,Paid,Average Payer,0,0,1410878.4999999995
511,84,100001240,1914,19,20251207,2025-12-07,2025-12-10,141655.79,141655.79,Late,Average Payer,0,3,1269222.7099999995
512,84,100001240,1914,19,20260107,2026-01-07,2026-01-07,141655.79,141655.79,Paid,Average Payer,0,0,1127566.9199999995
513,84,100001240,1914,19,20260207,2026-02-07,2026-02-07,141655.79,141655.79,Paid,Average Payer,0,0,985911.1299999994
514,84,100001240,1914,19,20260307,2026-03-07,2026-03-07,141655.79,141655.79,Paid,Average Payer,0,0,844255.3399999994
515,84,100001240,1914,19,20260407,2026-04-07,2026-04-07,141655.79,141655.79,Paid,Average Payer,0,0,702599.5499999993
516,84,100001240,1914,19,20260507,2026-05-07,2026-05-07,141655.79,141655.79,Paid,Average Payer,0,0,560943.7599999993
517,84,100001240,1914,19,20260607,2026-06-07,2026-06-07,141655.79,141655.79,Paid,Average Payer,0,0,419287.9699999993
518,86,100001280,1972,60,20260215,2026-02-15,2026-02-15,355281.35,355281.35,Paid,Good Payer,0,0,9129325.67
519,86,100001280,1972,60,20260315,2026-03-15,2026-03-15,355281.35,355281.35,Paid,Good Payer,0,0,8774044.32
520,86,100001280,1972,60,20260415,2026-04-15,2026-04-15,355281.35,355281.35,Paid,Good Payer,0,0,8418762.97
521,86,100001280,1972,60,20260515,2026-05-15,2026-05-15,355281.35,355281.35,Paid,Good Payer,0,0,8063481.620000001
522,86,100001280,1972,60,20260615,2026-06-15,2026-06-15,355281.35,355281.35,Paid,Good Payer,0,0,7708200.270000001
523,87,100001310,2015,116,20260505,2026-05-05,2026-05-05,235721.08,235721.08,Paid,Good Payer,0,0,1796326.66
524,87,100001310,2015,116,20260605,2026-06-05,2026-06-05,235721.08,235721.08,Paid,Good Payer,0,0,1560605.5799999998
525,88,100001313,2021,67,20250919,2025-09-19,2025-09-19,178397.7,178397.7,Paid,Good Payer,0,0,3698347.3299999996
526,88,100001313,2021,67,20251019,2025-10-19,2025-10-19,178397.7,178397.7,Paid,Good Payer,0,0,3519949.6299999994
527,88,100001313,2021,67,20251119,2025-11-19,2025-11-19,178397.7,178397.7,Paid,Good Payer,0,0,3341551.9299999992
528,88,100001313,2021,67,20251219,2025-12-19,2025-12-19,178397.7,178397.7,Paid,Good Payer,0,0,3163154.229999999
529,88,100001313,2021,67,20260119,2026-01-19,2026-01-19,178397.7,178397.7,Paid,Good Payer,0,0,2984756.529999999
530,88,100001313,2021,67,20260219,2026-02-19,2026-02-19,178397.7,178397.7,Paid,Good Payer,0,0,2806358.8299999987
531,88,100001313,2021,67,20260319,2026-03-19,2026-03-19,178397.7,178397.7,Paid,Good Payer,0,0,2627961.1299999985
532,88,100001313,2021,67,20260419,2026-04-19,2026-04-19,178397.7,178397.7,Paid,Good Payer,0,0,2449563.4299999983
533,88,100001313,2021,67,20260519,2026-05-19,2026-05-19,178397.7,178397.7,Paid,Good Payer,0,0,2271165.729999998
534,88,100001313,2021,67,20260619,2026-06-19,2026-06-19,178397.7,178397.7,Paid,Good Payer,0,0,2092768.0299999982
535,90,100001321,2035,26,20250316,2025-03-16,,919676.45,0.0,Missed,Good Payer,1,24,25732814.56
536,90,100001321,2035,26,20250416,2025-04-16,2025-04-16,919676.45,919676.45,Paid,Good Payer,0,0,24813138.11
537,90,100001321,2035,26,20250516,2025-05-16,2025-05-16,919676.45,919676.45,Paid,Good Payer,0,0,23893461.66
538,90,100001321,2035,26,20250616,2025-06-16,2025-06-16,919676.45,919676.45,Paid,Good Payer,0,0,22973785.21
539,90,100001321,2035,26,20250716,2025-07-16,2025-07-16,919676.45,919676.45,Paid,Good Payer,0,0,22054108.76
540,90,100001321,2035,26,20250816,2025-08-16,2025-08-16,919676.45,919676.45,Paid,Good Payer,0,0,21134432.310000002
541,90,100001321,2035,26,20250916,2025-09-16,2025-09-16,919676.45,919676.45,Paid,Good Payer,0,0,20214755.860000003
542,90,100001321,2035,26,20251016,2025-10-16,2025-10-16,919676.45,919676.45,Paid,Good Payer,0,0,19295079.410000004
543,90,100001321,2035,26,20251116,2025-11-16,2025-11-16,919676.45,919676.45,Paid,Good Payer,0,0,18375402.960000005
544,90,100001321,2035,26,20251216,2025-12-16,2025-12-16,919676.45,919676.45,Paid,Good Payer,0,0,17455726.510000005
545,90,100001321,2035,26,20260116,2026-01-16,2026-01-16,919676.45,919676.45,Paid,Good Payer,0,0,16536050.060000006
546,90,100001321,2035,26,20260216,2026-02-16,2026-02-16,919676.45,919676.45,Paid,Good Payer,0,0,15616373.610000007
547,90,100001321,2035,26,20260316,2026-03-16,2026-03-16,919676.45,919676.45,Paid,Good Payer,0,0,14696697.160000008
548,90,100001321,2035,26,20260416,2026-04-16,2026-04-16,919676.45,919676.45,Paid,Average Payer,0,0,13777020.710000008
549,90,100001321,2035,26,20260516,2026-05-16,2026-05-16,919676.45,919676.45,Paid,Average Payer,0,0,12857344.26000001
550,90,100001321,2035,26,20260616,2026-06-16,2026-06-16,919676.45,919676.45,Paid,Average Payer,0,0,11937667.81000001
551,91,100001332,2051,98,20241027,2024-10-27,2024-10-27,851903.5,851903.5,Paid,Good Payer,0,0,32064090.71
552,91,100001332,2051,98,20241127,2024-11-27,2024-11-27,851903.5,851903.5,Paid,Good Payer,0,0,31212187.21
553,91,100001332,2051,98,20241227,2024-12-27,2024-12-27,851903.5,851903.5,Paid,Good Payer,0,0,30360283.71
554,91,100001332,2051,98,20250127,2025-01-27,2025-01-27,851903.5,851903.5,Paid,Good Payer,0,0,29508380.21
555,91,100001332,2051,98,20250227,2025-02-27,2025-02-27,851903.5,851903.5,Paid,Good Payer,0,0,28656476.71
556,91,100001332,2051,98,20250327,2025-03-27,2025-03-27,851903.5,851903.5,Paid,Good Payer,0,0,27804573.21
557,91,100001332,2051,98,20250427,2025-04-27,2025-04-27,851903.5,851903.5,Paid,Good Payer,0,0,26952669.71
558,91,100001332,2051,98,20250527,2025-05-27,2025-05-27,851903.5,851903.5,Paid,Good Payer,0,0,26100766.21
559,91,100001332,2051,98,20250627,2025-06-27,2025-06-27,851903.5,851903.5,Paid,Good Payer,0,0,25248862.71
560,91,100001332,2051,98,20250727,2025-07-27,2025-07-27,851903.5,851903.5,Paid,Good Payer,0,0,24396959.21
561,91,100001332,2051,98,20250827,2025-08-27,2025-08-27,851903.5,851903.5,Paid,Good Payer,0,0,23545055.71
562,91,100001332,2051,98,20250927,2025-09-27,2025-09-27,851903.5,851903.5,Paid,Good Payer,0,0,22693152.21
563,91,100001332,2051,98,20251027,2025-10-27,2025-10-27,851903.5,851903.5,Paid,Good Payer,0,0,21841248.71
564,91,100001332,2051,98,20251127,2025-11-27,2025-11-27,851903.5,851903.5,Paid,Good Payer,0,0,20989345.21
565,91,100001332,2051,98,20251227,2025-12-27,2025-12-27,851903.5,851903.5,Paid,Good Payer,0,0,20137441.71
566,91,100001332,2051,98,20260127,2026-01-27,2026-01-27,851903.5,851903.5,Paid,Good Payer,0,0,19285538.21
567,91,100001332,2051,98,20260227,2026-02-27,2026-02-27,851903.5,851903.5,Paid,Good Payer,0,0,18433634.71
568,91,100001332,2051,98,20260327,2026-03-27,2026-03-27,851903.5,851903.5,Paid,Good Payer,0,0,17581731.21
569,91,100001332,2051,98,20260427,2026-04-27,2026-04-27,851903.5,851903.5,Paid,Good Payer,0,0,16729827.71
570,91,100001332,2051,98,20260527,2026-05-27,2026-05-27,851903.5,851903.5,Paid,Good Payer,0,0,15877924.21
571,91,100001332,2051,98,20260627,2026-06-27,2026-06-27,851903.5,851903.5,Paid,Good Payer,0,0,15026020.71
572,96,100001429,2191,84,20260131,2026-01-31,2026-01-31,235970.25,235970.25,Paid,Good Payer,0,0,2483541.72
573,96,100001429,2191,84,20260228,2026-02-28,2026-02-28,235970.25,235970.25,Paid,Good Payer,0,0,2247571.47
574,96,100001429,2191,84,20260328,2026-03-28,2026-03-28,235970.25,235970.25,Paid,Good Payer,0,0,2011601.2200000002
575,96,100001429,2191,84,20260428,2026-04-28,2026-04-28,235970.25,235970.25,Paid,Good Payer,0,0,1775630.9700000002
576,96,100001429,2191,84,20260528,2026-05-28,2026-05-28,235970.25,235970.25,Paid,Good Payer,0,0,1539660.7200000002
577,96,100001429,2191,84,20260628,2026-06-28,2026-06-28,235970.25,235970.25,Paid,Good Payer,0,0,1303690.4700000002
578,97,100001448,2220,121,20260610,2026-06-10,2026-06-10,526452.67,366079.61,Paid,Good Payer,0,0,0.0
579,98,100001450,2222,92,20250627,2025-06-27,2025-06-27,330106.21,330106.21,Paid,Good Payer,0,0,8806473.319999998
580,98,100001450,2222,92,20250727,2025-07-27,2025-07-27,330106.21,330106.21,Paid,Good Payer,0,0,8476367.109999998
581,98,100001450,2222,92,20250827,2025-08-27,2025-08-27,330106.21,330106.21,Paid,Good Payer,0,0,8146260.899999998
582,98,100001450,2222,92,20250927,2025-09-27,2025-09-27,330106.21,330106.21,Paid,Good Payer,0,0,7816154.689999998
583,98,100001450,2222,92,20251027,2025-10-27,2025-10-27,330106.21,330106.21,Paid,Good Payer,0,0,7486048.479999998
584,98,100001450,2222,92,20251127,2025-11-27,2025-11-27,330106.21,330106.21,Paid,Good Payer,0,0,7155942.269999998
585,98,100001450,2222,92,20251227,2025-12-27,2025-12-27,330106.21,330106.21,Paid,Good Payer,0,0,6825836.059999998
586,98,100001450,2222,92,20260127,2026-01-27,2026-01-27,330106.21,330106.21,Paid,Good Payer,0,0,6495729.849999998
587,98,100001450,2222,92,20260227,2026-02-27,2026-02-27,330106.21,330106.21,Paid,Good Payer,0,0,6165623.639999998
588,98,100001450,2222,92,20260327,2026-03-27,2026-03-27,330106.21,330106.21,Paid,Good Payer,0,0,5835517.429999998
589,98,100001450,2222,92,20260427,2026-04-27,2026-04-27,330106.21,330106.21,Paid,Good Payer,0,0,5505411.219999998
590,98,100001450,2222,92,20260527,2026-05-27,2026-05-27,330106.21,330106.21,Paid,Good Payer,0,0,5175305.009999998
591,98,100001450,2222,92,20260627,2026-06-27,2026-06-27,330106.21,330106.21,Paid,Good Payer,0,0,4845198.799999998
592,99,100001467,2248,146,20260427,2026-04-27,2026-04-27,63024.5,63024.5,Paid,Good Payer,0,0,634183.62
593,99,100001467,2248,146,20260527,2026-05-27,2026-05-27,63024.5,63024.5,Paid,Good Payer,0,0,571159.12
594,99,100001467,2248,146,20260627,2026-06-27,2026-06-27,63024.5,42105.11,Partial,Good Payer,0,0,529054.01
595,101,100001488,2276,94,20250910,2025-09-10,2025-09-20,55251.0,55251.0,Late,High Risk,0,10,265474.65
596,101,100001488,2276,94,20251010,2025-10-10,,55251.0,0.0,Missed,High Risk,1,47,265474.65
597,101,100001488,2276,94,20251110,2025-11-10,2025-11-22,55251.0,55251.0,Late,High Risk,0,12,210223.65000000002
598,101,100001488,2276,94,20251210,2025-12-10,,55251.0,0.0,Missed,High Risk,1,37,210223.65000000002
599,101,100001488,2276,94,20260110,2026-01-10,2026-01-10,55251.0,55251.0,Paid,High Risk,0,0,154972.65000000002
600,101,100001488,2276,94,20260210,2026-02-10,2026-02-19,55251.0,55251.0,Late,High Risk,0,9,99721.65000000002
601,101,100001488,2276,94,20260310,2026-03-10,,55251.0,0.0,Missed,High Risk,1,86,99721.65000000002
602,101,100001488,2276,94,20260410,2026-04-10,2026-04-10,55251.0,55251.0,Paid,High Risk,0,0,44470.65000000002
603,101,100001488,2276,94,20260510,2026-05-10,2026-05-10,55251.0,33563.47,Partial,High Risk,0,0,10907.180000000022
604,101,100001488,2276,94,20260610,2026-06-10,2026-06-10,55251.0,10907.180000000022,Paid,High Risk,0,0,0.0
605,104,100001559,2385,121,20251107,2025-11-07,2025-11-07,1103497.5,1103497.5,Paid,Good Payer,0,0,11632509.23
606,104,100001559,2385,121,20251207,2025-12-07,2025-12-07,1103497.5,1103497.5,Paid,Good Payer,0,0,10529011.73
607,104,100001559,2385,121,20260107,2026-01-07,2026-01-07,1103497.5,1103497.5,Paid,Good Payer,0,0,9425514.23
608,104,100001559,2385,121,20260207,2026-02-07,2026-02-07,1103497.5,1103497.5,Paid,Good Payer,0,0,8322016.73
609,104,100001559,2385,121,20260307,2026-03-07,2026-03-07,1103497.5,1103497.5,Paid,Good Payer,0,0,7218519.23
610,104,100001559,2385,121,20260407,2026-04-07,2026-04-20,1103497.5,1103497.5,Late,Good Payer,0,13,6115021.73
611,104,100001559,2385,121,20260507,2026-05-07,2026-05-07,1103497.5,1103497.5,Paid,Good Payer,0,0,5011524.23
612,104,100001559,2385,121,20260607,2026-06-07,2026-06-07,1103497.5,1103497.5,Paid,Good Payer,0,0,3908026.7300000004
613,105,100001583,2420,76,20250430,2025-04-30,2025-05-05,513342.87,513342.87,Late,Good Payer,0,5,14565425.21
614,105,100001583,2420,76,20250530,2025-05-30,2025-05-30,513342.87,513342.87,Paid,Good Payer,0,0,14052082.340000002
615,105,100001583,2420,76,20250630,2025-06-30,2025-06-30,513342.87,513342.87,Paid,Good Payer,0,0,13538739.470000003
616,105,100001583,2420,76,20250730,2025-07-30,2025-07-30,513342.87,513342.87,Paid,Good Payer,0,0,13025396.600000003
617,105,100001583,2420,76,20250830,2025-08-30,2025-08-30,513342.87,513342.87,Paid,Good Payer,0,0,12512053.730000004
618,105,100001583,2420,76,20250930,2025-09-30,2025-09-30,513342.87,513342.87,Paid,Good Payer,0,0,11998710.860000005
619,105,100001583,2420,76,20251030,2025-10-30,2025-10-30,513342.87,513342.87,Paid,Good Payer,0,0,11485367.990000006
620,105,100001583,2420,76,20251130,2025-11-30,2025-11-30,513342.87,513342.87,Paid,Good Payer,0,0,10972025.120000007
621,105,100001583,2420,76,20251230,2025-12-30,2025-12-30,513342.87,513342.87,Paid,Good Payer,0,0,10458682.250000007
622,105,100001583,2420,76,20260130,2026-01-30,2026-01-30,513342.87,513342.87,Paid,Good Payer,0,0,9945339.380000008
623,105,100001583,2420,76,20260228,2026-02-28,2026-02-28,513342.87,513342.87,Paid,Good Payer,0,0,9431996.51000001
624,105,100001583,2420,76,20260328,2026-03-28,2026-03-28,513342.87,513342.87,Paid,Good Payer,0,0,8918653.64000001
625,105,100001583,2420,76,20260428,2026-04-28,2026-04-28,513342.87,513342.87,Paid,Good Payer,0,0,8405310.77000001
626,105,100001583,2420,76,20260528,2026-05-28,2026-05-28,513342.87,513342.87,Paid,Good Payer,0,0,7891967.900000011
627,105,100001583,2420,76,20260628,2026-06-28,2026-06-28,513342.87,513342.87,Paid,Good Payer,0,0,7378625.0300000105
628,106,100001597,2442,29,20260601,2026-06-01,2026-06-01,50603.17,50603.17,Paid,Good Payer,0,0,140103.36
629,107,100001616,2469,89,20260415,2026-04-15,2026-04-15,1022075.91,1022075.91,Paid,Good Payer,0,0,44358865.57
630,107,100001616,2469,89,20260515,2026-05-15,2026-05-30,1022075.91,1022075.91,Late,Good Payer,0,15,43336789.660000004
631,107,100001616,2469,89,20260615,2026-06-15,2026-06-15,1022075.91,1022075.91,Paid,Good Payer,0,0,42314713.75000001
632,110,100001679,2570,18,20250709,2025-07-09,2025-07-09,620400.56,620400.56,Paid,Good Payer,0,0,12325183.129999999
633,110,100001679,2570,18,20250809,2025-08-09,2025-08-09,620400.56,620400.56,Paid,Good Payer,0,0,11704782.569999998
634,110,100001679,2570,18,20250909,2025-09-09,2025-09-09,620400.56,620400.56,Paid,Good Payer,0,0,11084382.009999998
635,110,100001679,2570,18,20251009,2025-10-09,2025-10-09,620400.56,620400.56,Paid,Good Payer,0,0,10463981.449999997
636,110,100001679,2570,18,20251109,2025-11-09,2025-11-09,620400.56,620400.56,Paid,Good Payer,0,0,9843580.889999997
637,110,100001679,2570,18,20251209,2025-12-09,2025-12-09,620400.56,620400.56,Paid,Good Payer,0,0,9223180.329999996
638,110,100001679,2570,18,20260109,2026-01-09,2026-01-09,620400.56,620400.56,Paid,Good Payer,0,0,8602779.769999996
639,110,100001679,2570,18,20260209,2026-02-09,2026-02-09,620400.56,620400.56,Paid,Good Payer,0,0,7982379.209999995
640,110,100001679,2570,18,20260309,2026-03-09,2026-03-09,620400.56,620400.56,Paid,Good Payer,0,0,7361978.649999995
641,110,100001679,2570,18,20260409,2026-04-09,2026-04-09,620400.56,620400.56,Paid,Good Payer,0,0,6741578.089999994
642,110,100001679,2570,18,20260509,2026-05-09,2026-05-09,620400.56,620400.56,Paid,Good Payer,0,0,6121177.529999994
643,110,100001679,2570,18,20260609,2026-06-09,,620400.56,0.0,Missed,Good Payer,1,21,6121177.529999994
644,111,100001681,2573,38,20260623,2026-06-23,2026-06-23,371229.6,371229.6,Paid,Good Payer,0,0,5085813.090000001
645,114,100001750,2685,14,20260630,2026-06-30,2026-06-30,309909.33,309909.33,Paid,Average Payer,0,0,2641049.42
646,115,100001754,2689,26,20260320,2026-03-20,2026-03-20,223260.73,223260.73,Paid,Good Payer,0,0,1940714.62
647,115,100001754,2689,26,20260420,2026-04-20,2026-04-20,223260.73,223260.73,Paid,Good Payer,0,0,1717453.8900000001
648,115,100001754,2689,26,20260520,2026-05-20,,223260.73,0.0,Missed,Good Payer,1,70,1717453.8900000001
649,115,100001754,2689,26,20260620,2026-06-20,2026-06-20,223260.73,223260.73,Paid,Good Payer,0,0,1494193.1600000001
650,117,100001780,2731,121,20260628,2026-06-28,2026-06-28,411373.0,411373.0,Paid,Good Payer,0,0,4358599.91
651,118,100001792,2750,102,20251109,2025-11-09,2025-11-23,300347.61,300347.61,Late,Good Payer,0,14,7553779.699999999
652,118,100001792,2750,102,20251209,2025-12-09,2025-12-09,300347.61,300347.61,Paid,Good Payer,0,0,7253432.089999999
653,118,100001792,2750,102,20260109,2026-01-09,2026-01-09,300347.61,300347.61,Paid,Good Payer,0,0,6953084.479999999
654,118,100001792,2750,102,20260209,2026-02-09,2026-02-09,300347.61,300347.61,Paid,Good Payer,0,0,6652736.869999998
655,118,100001792,2750,102,20260309,2026-03-09,2026-03-09,300347.61,300347.61,Paid,Good Payer,0,0,6352389.259999998
656,118,100001792,2750,102,20260409,2026-04-09,2026-04-09,300347.61,300347.61,Paid,Good Payer,0,0,6052041.649999998
657,118,100001792,2750,102,20260509,2026-05-09,2026-05-09,300347.61,300347.61,Paid,Good Payer,0,0,5751694.039999997
658,118,100001792,2750,102,20260609,2026-06-09,2026-06-09,300347.61,300347.61,Paid,Good Payer,0,0,5451346.429999997
659,119,100001816,2791,145,20260202,2026-02-02,2026-02-02,830650.12,830650.12,Paid,Good Payer,0,0,10030273.72
660,119,100001816,2791,145,20260302,2026-03-02,2026-03-02,830650.12,830650.12,Paid,Good Payer,0,0,9199623.600000001
661,119,100001816,2791,145,20260402,2026-04-02,2026-04-02,830650.12,830650.12,Paid,Good Payer,0,0,8368973.480000001
662,119,100001816,2791,145,20260502,2026-05-02,2026-05-02,830650.12,830650.12,Paid,Good Payer,0,0,7538323.360000001
663,119,100001816,2791,145,20260602,2026-06-02,2026-06-02,830650.12,830650.12,Paid,Good Payer,0,0,6707673.240000001
664,120,100001822,2800,12,20260318,2026-03-18,2026-03-18,998938.24,998938.24,Paid,Average Payer,0,0,4335869.29
665,120,100001822,2800,12,20260418,2026-04-18,2026-04-18,998938.24,998938.24,Paid,Average Payer,0,0,3336931.05
666,120,100001822,2800,12,20260518,2026-05-18,2026-05-18,998938.24,998938.24,Paid,Average Payer,0,0,2337992.8099999996
667,120,100001822,2800,12,20260618,2026-06-18,2026-06-18,998938.24,450298.06,Partial,Average Payer,0,0,1887694.7499999995
668,121,100001847,2842,12,20251004,2025-10-04,2025-10-04,112079.38,112079.38,Paid,Good Payer,0,0,1186325.6099999999
669,121,100001847,2842,12,20251104,2025-11-04,2025-11-04,112079.38,112079.38,Paid,Good Payer,0,0,1074246.23
670,121,100001847,2842,12,20251204,2025-12-04,2025-12-04,112079.38,112079.38,Paid,Good Payer,0,0,962166.85
671,121,100001847,2842,12,20260104,2026-01-04,2026-01-04,112079.38,112079.38,Paid,Good Payer,0,0,850087.47
672,121,100001847,2842,12,20260204,2026-02-04,2026-02-04,112079.38,112079.38,Paid,Good Payer,0,0,738008.09
673,121,100001847,2842,12,20260304,2026-03-04,2026-03-04,112079.38,112079.38,Paid,Good Payer,0,0,625928.71
674,121,100001847,2842,12,20260404,2026-04-04,2026-04-04,112079.38,112079.38,Paid,Good Payer,0,0,513849.32999999996
675,121,100001847,2842,12,20260504,2026-05-04,2026-05-04,112079.38,112079.38,Paid,Good Payer,0,0,401769.94999999995
676,121,100001847,2842,12,20260604,2026-06-04,2026-06-04,112079.38,112079.38,Paid,Good Payer,0,0,289690.56999999995
677,123,100001903,2930,106,20251111,2025-11-11,2025-11-11,263264.29,263264.29,Paid,Good Payer,0,0,5664841.39
678,123,100001903,2930,106,20251211,2025-12-11,2025-12-11,263264.29,263264.29,Paid,Good Payer,0,0,5401577.1
679,123,100001903,2930,106,20260111,2026-01-11,2026-01-11,263264.29,263264.29,Paid,Good Payer,0,0,5138312.81
680,123,100001903,2930,106,20260211,2026-02-11,2026-02-11,263264.29,263264.29,Paid,Good Payer,0,0,4875048.52
681,123,100001903,2930,106,20260311,2026-03-11,2026-03-11,263264.29,263264.29,Paid,Good Payer,0,0,4611784.2299999995
682,123,100001903,2930,106,20260411,2026-04-11,2026-04-11,263264.29,263264.29,Paid,Good Payer,0,0,4348519.9399999995
683,123,100001903,2930,106,20260511,2026-05-11,2026-05-11,263264.29,263264.29,Paid,Good Payer,0,0,4085255.6499999994
684,123,100001903,2930,106,20260611,2026-06-11,2026-06-11,263264.29,263264.29,Paid,Good Payer,0,0,3821991.3599999994
685,125,100001957,3016,85,20260115,2026-01-15,2026-01-15,10004851.48,10004851.48,Paid,Good Payer,0,0,405308144.68
686,125,100001957,3016,85,20260215,2026-02-15,2026-02-15,10004851.48,10004851.48,Paid,Good Payer,0,0,395303293.2
687,125,100001957,3016,85,20260315,2026-03-15,2026-03-15,10004851.48,10004851.48,Paid,Good Payer,0,0,385298441.71999997
688,125,100001957,3016,85,20260415,2026-04-15,2026-04-15,10004851.48,10004851.48,Paid,Good Payer,0,0,375293590.23999995
689,125,100001957,3016,85,20260515,2026-05-15,2026-05-15,10004851.48,10004851.48,Paid,Good Payer,0,0,365288738.75999993
690,125,100001957,3016,85,20260615,2026-06-15,2026-06-27,10004851.48,10004851.48,Late,Good Payer,0,12,355283887.2799999
691,126,100001965,3030,72,20260109,2026-01-09,2026-01-10,285896.72,285896.72,Late,Average Payer,0,1,4560075.87
692,126,100001965,3030,72,20260209,2026-02-09,2026-02-17,285896.72,285896.72,Late,Average Payer,0,8,4274179.15
693,126,100001965,3030,72,20260309,2026-03-09,2026-03-09,285896.72,285896.72,Paid,Average Payer,0,0,3988282.4300000006
694,126,100001965,3030,72,20260409,2026-04-09,2026-04-09,285896.72,285896.72,Paid,Average Payer,0,0,3702385.710000001
695,126,100001965,3030,72,20260509,2026-05-09,2026-05-09,285896.72,285896.72,Paid,Average Payer,0,0,3416488.990000001
696,126,100001965,3030,72,20260609,2026-06-09,2026-06-09,285896.72,285896.72,Paid,Average Payer,0,0,3130592.2700000014
697,127,100001984,3059,57,20260529,2026-05-29,2026-05-29,418346.83,418346.83,Paid,Good Payer,0,0,6611855.7299999995
698,127,100001984,3059,57,20260629,2026-06-29,2026-06-29,418346.83,418346.83,Paid,Good Payer,0,0,6193508.899999999
699,129,100002063,3183,115,20250709,2025-07-09,2025-07-09,9635636.06,9635636.06,Paid,Good Payer,0,0,35394480.23
700,129,100002063,3183,115,20250809,2025-08-09,2025-08-09,9635636.06,9635636.06,Paid,Good Payer,0,0,25758844.169999994
701,129,100002063,3183,115,20250909,2025-09-09,2025-09-09,9635636.06,9635636.06,Paid,Good Payer,0,0,16123208.109999994
702,129,100002063,3183,115,20251009,2025-10-09,2025-10-09,9635636.06,9635636.06,Paid,Good Payer,0,0,6487572.049999993
703,129,100002063,3183,115,20251109,2025-11-09,2025-11-09,9635636.06,6487572.049999993,Paid,Good Payer,0,0,0.0
704,131,100002073,3198,21,20260512,2026-05-12,2026-05-12,7854417.91,7854417.91,Paid,Good Payer,0,0,271978932.4
705,131,100002073,3198,21,20260612,2026-06-12,2026-06-12,7854417.91,7854417.91,Paid,Good Payer,0,0,264124514.48999998
706,133,100002094,3235,63,20260311,2026-03-11,2026-03-11,448795.6,448795.6,Paid,Good Payer,0,0,5462470.83
707,133,100002094,3235,63,20260411,2026-04-11,2026-04-11,448795.6,448795.6,Paid,Good Payer,0,0,5013675.23
708,133,100002094,3235,63,20260511,2026-05-11,2026-05-11,448795.6,448795.6,Paid,Good Payer,0,0,4564879.630000001
709,133,100002094,3235,63,20260611,2026-06-11,2026-06-11,448795.6,448795.6,Paid,Good Payer,0,0,4116084.0300000007
710,137,100002120,3274,129,20260228,2026-02-28,2026-02-28,147997.75,147997.75,Paid,Good Payer,0,0,1295294.4
711,137,100002120,3274,129,20260328,2026-03-28,2026-03-28,147997.75,147997.75,Paid,Good Payer,0,0,1147296.65
712,137,100002120,3274,129,20260428,2026-04-28,2026-04-28,147997.75,147997.75,Paid,Good Payer,0,0,999298.8999999999
713,137,100002120,3274,129,20260528,2026-05-28,2026-05-28,147997.75,147997.75,Paid,Good Payer,0,0,851301.1499999999
714,137,100002120,3274,129,20260628,2026-06-28,2026-06-28,147997.75,147997.75,Paid,Good Payer,0,0,703303.3999999999
715,139,100002155,3327,10,20260627,2026-06-27,2026-06-27,1284122.38,1284122.38,Paid,Good Payer,0,0,13586848.760000002
716,143,100002191,3377,28,20260130,2026-01-30,2026-01-30,510744.85,510744.85,Paid,Good Payer,0,0,11705735.64
717,143,100002191,3377,28,20260228,2026-02-28,2026-02-28,510744.85,510744.85,Paid,Good Payer,0,0,11194990.790000001
718,143,100002191,3377,28,20260328,2026-03-28,2026-03-28,510744.85,510744.85,Paid,Good Payer,0,0,10684245.940000001
719,143,100002191,3377,28,20260428,2026-04-28,2026-04-28,510744.85,510744.85,Paid,Good Payer,0,0,10173501.090000002
720,143,100002191,3377,28,20260528,2026-05-28,2026-05-28,510744.85,510744.85,Paid,Good Payer,0,0,9662756.240000002
721,143,100002191,3377,28,20260628,2026-06-28,2026-06-28,510744.85,510744.85,Paid,Good Payer,0,0,9152011.390000002
722,145,100002219,3419,127,20260511,2026-05-11,2026-05-11,466573.42,466573.42,Paid,Good Payer,0,0,3571451.7800000003
723,145,100002219,3419,127,20260611,2026-06-11,2026-06-11,466573.42,466573.42,Paid,Good Payer,0,0,3104878.3600000003
724,146,100002222,3425,66,20260121,2026-01-21,2026-01-21,320474.31,320474.31,Paid,High Risk,0,0,9306323.43
725,146,100002222,3425,66,20260221,2026-02-21,2026-02-21,320474.31,320474.31,Paid,High Risk,0,0,8985849.12
726,146,100002222,3425,66,20260321,2026-03-21,,320474.31,0.0,Missed,High Risk,1,77,8985849.12
727,146,100002222,3425,66,20260421,2026-04-21,2026-04-21,320474.31,175141.59,Partial,High Risk,0,0,8810707.53
728,146,100002222,3425,66,20260521,2026-05-21,,320474.31,0.0,Missed,High Risk,1,25,8810707.53
729,146,100002222,3425,66,20260621,2026-06-21,2026-06-21,320474.31,320474.31,Paid,High Risk,0,0,8490233.219999999
730,147,100002227,3434,33,20250624,2025-06-24,2025-06-24,136699.19,136699.19,Paid,Average Payer,0,0,2965222.49
731,147,100002227,3434,33,20250724,2025-07-24,2025-07-24,136699.19,136699.19,Paid,Average Payer,0,0,2828523.3000000003
732,147,100002227,3434,33,20250824,2025-08-24,2025-08-24,136699.19,136699.19,Paid,Average Payer,0,0,2691824.1100000003
733,147,100002227,3434,33,20250924,2025-09-24,2025-10-06,136699.19,136699.19,Late,Average Payer,0,12,2555124.9200000004
734,147,100002227,3434,33,20251024,2025-10-24,2025-10-24,136699.19,136699.19,Paid,Average Payer,0,0,2418425.7300000004
735,147,100002227,3434,33,20251124,2025-11-24,2025-11-24,136699.19,136699.19,Paid,High Risk,0,0,2281726.5400000005
736,147,100002227,3434,33,20251224,2025-12-24,,136699.19,0.0,Missed,High Risk,1,85,2281726.5400000005
737,147,100002227,3434,33,20260124,2026-01-24,,136699.19,0.0,Missed,High Risk,2,20,2281726.5400000005
738,147,100002227,3434,33,20260224,2026-02-24,,136699.19,0.0,Missed,High Risk,3,59,2281726.5400000005
739,147,100002227,3434,33,20260324,2026-03-24,2026-03-24,136699.19,136699.19,Paid,High Risk,0,0,2145027.3500000006
740,147,100002227,3434,33,20260424,2026-04-24,2026-04-24,136699.19,73487.09,Partial,High Risk,0,0,2071540.2600000005
741,147,100002227,3434,33,20260524,2026-05-24,,136699.19,0.0,Missed,High Risk,1,60,2071540.2600000005
742,147,100002227,3434,33,20260624,2026-06-24,,136699.19,0.0,Missed,High Risk,2,18,2071540.2600000005
